{"version":16,"hash":{"type":"Buffer","data":"YSqMFJYrhKcNbIrFCAIDXPUIuc73tUrNxdjDSMfSZs/a6rBkFAd7au0b84gsCNpjtMs9Re1bSMdQi+nxl8DZh3Ls5gajJdBCbSYERI+NIVf92RP05UAXmlmkV5C/3ZD84ym8t+AxlhUCqP2F8xZT/qLOt5WzfdxtTAovl/yLagI="},"indexValueMap":{"I1OaRqcv5N6lNmx5NCIws1MljbJp4OL5RRThb5X804k=":{"valueMac":{"type":"Buffer","data":"y3eNUjkEtJK7L6tku5Xt5mXe8Oyy2m/gkuvXofR1W+0="}},"OUXR/fvbfTmHO4gCfAh8ACnwOuzomOM7t5tqx6U1yes=":{"valueMac":{"type":"Buffer","data":"HUAAp29itEbjPvuqSD62kSMyHzpVvQ6I+xL6S2umBpc="}},"hgOicLjGDVVc/duXVlZWIsG7FQplqvHzCfgz4NcZTes=":{"valueMac":{"type":"Buffer","data":"aJWrARDlRwJx5kKtGixBHobA1YelXXUIC1MK/lYyjM4="}},"mL1na4zRL/huokfX2qDqiRwl7tcF77AoS2IKNArqDlU=":{"valueMac":{"type":"Buffer","data":"8qCLvxckHMX002codoEkQqSv/fpuCYmgC84gkazg79A="}},"mgOj50B+kfJm9hToNKXyrUgVuaOYcAQmccxSj+Od28g=":{"valueMac":{"type":"Buffer","data":"Hcd7nahjFTOtp8xLI6824A9Gb62Ez9Eie/TN/mWA2Hg="}},"rzaeSo4l2f9y0n71oOVre8w5FUDyv6E6kbZw2vktcYY=":{"valueMac":{"type":"Buffer","data":"eyOB5ZCxt7lvaUv6H+l+cgiymzQvco81xmW30t4W35k="}},"t1ey70acFG9iqgj0RQmYS9gy3XiuFwJmVtvmOuh3BLE=":{"valueMac":{"type":"Buffer","data":"DsbShW6eIKhSjcAjDfh+Bliz7amdYq3DSj4oHK1lPcE="}},"y+cjcCpvTZv3JLgjrz9dlG7dTTgPbww9Oy4+31Bqwoo=":{"valueMac":{"type":"Buffer","data":"gIgLktL2mUsAXp8LmqOOmTXJGjE1vXW9POIAUVyjVP4="}},"zSfNYkduGxxWp03CUCVrwUTQXAtyCg/P/aRGdtCctUM=":{"valueMac":{"type":"Buffer","data":"xIDV/A3nVv/487ozd1b/ubpg+rMdFil5xIfUKe3cAjg="}},"0ojUia0CIklFhgIy3/ZgpWrUDeqO8VIj5ga9LBv1vjc=":{"valueMac":{"type":"Buffer","data":"jxcyFKLz2OZOq7gQaToXQPsJ0s9ZdLkUG+1YJo/KrIk="}},"77D4HIDwDvf2ebZZoM4BHrbZnAORjkIdBytJQe7GUI8=":{"valueMac":{"type":"Buffer","data":"MQHKvAbTdIawFQa4NiKeYfdaqt7RgfrXJ6xxb8hODzk="}},"VCyCIKcIOTINTeJ1t4fbqwP6EffwIeR1aBRK3NS2hD8=":{"valueMac":{"type":"Buffer","data":"ojd715k42tx2BKee0KaGs2dFR+G1/7Sbi7V9Qp3LwAQ="}},"fDlnjLHna546Tp5rxmaAyw4gYdR1bVjcAAUNGQEL/js=":{"valueMac":{"type":"Buffer","data":"tGd1ErCEzm1zcsIGbgAbEcOoiFV/InZKLazeBizroBg="}},"h4tedBRLh5p5lxqC5lEJPn43NphWDhnR6zUeeQYxmhA=":{"valueMac":{"type":"Buffer","data":"mrJkdx+y5w7PE5gzyOdxNBUekvZd0bQo0xOlO00n9Iw="}}}}