{"version":80,"hash":{"type":"Buffer","data":"aHPwO7rATqsGtnjgwC0dYJV8w+50yKfD0ws4+vug+9c1bE2Oe1Rnixg8xZbjaRdpQSNrgNrvKoWKWp0m8t4qacmNKtqw2T1/9fQasv7wyr9H8ThMb9/56WgFLPatjSGxm4xOiATORj5053q5fHPqyIx2Oi2xIkwkc7ytI4AWnRg="},"indexValueMap":{"AKxv14D1BBsaNdwmaPQlyio03aiyvPbv49OpnYfcI8g=":{"valueMac":{"type":"Buffer","data":"xQ6KmxXeUvIhv1T/ug0xLoy4Jw97WbmZxW/bUdvq/I4="}},"AlcT4ECFEcmAB0Vsc10EIP0oN0RJOzfCr8FsC5UC9hM=":{"valueMac":{"type":"Buffer","data":"sBpAmVsp+6jR4WOPmNU+VBJ4e5GTukDbO93PP98/d4Q="}},"AvdgO7G9NnEbH11vt273gY+NbvFvQP35WF/Q/Oy2qNU=":{"valueMac":{"type":"Buffer","data":"j5z9FBQSs4oDch5pMdN1SYv03nhRJOpNrf/ufXqoAJg="}},"A4vpwtfH3NKf6nDZKdgmrAMmfVEULVk3BYOMlSMGhQ8=":{"valueMac":{"type":"Buffer","data":"RWugqB6QlLYN6vcanAAXuZ4gWW1Q+GhiAMYiyDblEJ4="}},"Bb48JCSsP6zOYWwuTVnBwfbrOifAAwdY3d66Fgh1iMM=":{"valueMac":{"type":"Buffer","data":"/kw1rr0be6mg7+b7BEwcP7QLf57Ntmp+rjPG5gPpJgg="}},"BmFBRezJMHXnA7bJ0YyawkVGtQVs6H0hXInCw5uD1tI=":{"valueMac":{"type":"Buffer","data":"d608TmOnYijKLH+KT1qF+S/0Zzwut/kXwBczZUakhQA="}},"BoP3xO2duKlj/H+3EZmmLVTa+nHfnkGQPpGU/Qoiwj4=":{"valueMac":{"type":"Buffer","data":"gy9qZpwYTh+ZgZ1+Nrp5K7kzkoFswcCnHT5V92SwTB4="}},"CF1zV8jvcy4IgIbrY6feUvFNQpZGw8Y94S4+AKonhdM=":{"valueMac":{"type":"Buffer","data":"y++rfskSXB2SQes/QEDtwjlVzXeKxoc7lOooB2GxmWg="}},"CKmqdHVAVmt3Vc5jS70dnWvS/9Q4/PiJxAMDeQn0hDk=":{"valueMac":{"type":"Buffer","data":"LooszXzEg1GN//A9zneU/Zrq8Wny8CAvzAzIXBPZEUE="}},"CNw8At14FrkdLnf6/vGg0MSGXUBHuv5gSx9xtgv/r8U=":{"valueMac":{"type":"Buffer","data":"BX30u2HfmvTh7rGR3zUePDtEhyJwBUM3+1r71GrHilk="}},"CmMROHrZXuvBuBu0qZcJo4OSijY+ZRM24EB1uSH2cUw=":{"valueMac":{"type":"Buffer","data":"j0fTx6v6gj7hos8uWIHeK/y+gLuNgc17mboPvnp7zOI="}},"Cm3oYS6H5GrFiEGoCNfVV83wEi0quGGlI1DNVLRVPRQ=":{"valueMac":{"type":"Buffer","data":"gG3CHvlDfhdoNJ1E9Fnwu9Ds0QMBnWLM9Uh5dnHQ1rM="}},"DC9EvJ7C0xsWxdLN60RVcAUbpjYIXU1cQGUv7LCxXe8=":{"valueMac":{"type":"Buffer","data":"l5clt6SH2iWaFGRQX3y5fcFesLuEt0wuJGhZ6VL4KYI="}},"Db6UmvtsxbAmsFY+/5efn4i3a5K2sYonGlyENB5n4P0=":{"valueMac":{"type":"Buffer","data":"d++AtSr23FuWg7iwGx7Hz/doxoVH4MwX/uoAe9f80Ps="}},"DpN/jQpUL2mvGNEM4k0ONvNbj8f254UNJXkQAAgnWa4=":{"valueMac":{"type":"Buffer","data":"8kXaC1AyIq5GFwBZcGUfIMfG17AKGum9Vw401WwZm88="}},"Drho2JxyuxlQPEQahy9El7jyzqynoxFi1TGtFjlHOb8=":{"valueMac":{"type":"Buffer","data":"S6VDeVYETWoZYFrV1iCJWCCk/zuvltNe7WF7JrBbleA="}},"EWfEnsh3K1bSkVMBww6xcyODgy8H9kYMput2lw3o2ys=":{"valueMac":{"type":"Buffer","data":"thuNECeLSSznPeInju3Cr+CtHZoUrSkzCRh//UaQqr4="}},"EoLq6rCziQiegn/NcBH0eWMULZEU4Wak7cWUj8oTQnE=":{"valueMac":{"type":"Buffer","data":"4l08rNKNVvKJTNSGFHy3LYdYyDe9MSfDb+dOqzoeP2s="}},"EomXhFCZ2HeSnwUxYg7nzNXEMSJBThw8XwRHIulF1Tg=":{"valueMac":{"type":"Buffer","data":"/MxXmqAqpohDSsIwsAT1CzWDH2Hn/Ftzr5FjhC1u/T4="}},"FMM34VlyCwHJuH354Eu2Unnr7heCECftZGVZulhEyBw=":{"valueMac":{"type":"Buffer","data":"leH8JXXkB7SjZfuiWjLuyvhT+mEAVKqsyOSYMUjbXtY="}},"FXfGPjosmU+4ZOxvQrRf30UwrNJVbd6GunZ5FfWhncY=":{"valueMac":{"type":"Buffer","data":"n2gTTjyb+zREovvuMdSY4e+rOdBGa+O8ty6YaFqfyfk="}},"Fd65Sw1G1fyQg8PYgoAuTfefDbnVpahrhAvTF9FuvFk=":{"valueMac":{"type":"Buffer","data":"CUfBu8gW1auPdPkZ2dsTWsUGUDstaG37GknPyvIvA6o="}},"Fvc9a0CmmkXcJQSWT0NXm76ePzaz/fyAmL9LH5Aky4c=":{"valueMac":{"type":"Buffer","data":"YijPCePbV3xl9fh1rUXLeYL4YQK/Au1suHQ7i8scnaI="}},"Fy/l5ZdFNxf5Opade2c6d+rfLgP4usp1FWT0l3KebI4=":{"valueMac":{"type":"Buffer","data":"FrC/OoFE2qP8fOVVf8lXRDhnLV6OJ7iT4GjXtGnjeRE="}},"GAb2Lwi6FAyjrP9/RE98dwZWc6cRrn1HjOcvioJLTJ0=":{"valueMac":{"type":"Buffer","data":"lcTZuiFVuCqf/RB2RmsEnw84NrOeQroXas1M/ps3Ezw="}},"GINM7paYqv0NhjQ9/ikAx5yrinK7Z1mSSmN6JuV2EmY=":{"valueMac":{"type":"Buffer","data":"75pcMGZrmrwixUo93hILcOCGJUP7IuuNI7KAJxPhphg="}},"GK7VE8hZLYLCAQ2/dRhIWlZENP5C14v2w91gVz5HSj0=":{"valueMac":{"type":"Buffer","data":"yU2ZblEuGPAIcMoIXyC7XQVUYbXENVfz5eiUYOUowZg="}},"GnmY6Vt2gCPT045mFHRodJK6hB38zIkTsdIgU/pKAhA=":{"valueMac":{"type":"Buffer","data":"puwgDvjTdTsqW0MXq7Uxs+WuqEPkateBktAx3ZFzNKI="}},"Gru41djQ5JdkoJdBF5EoS8ykTGyyMTvuAiZUavKaR2M=":{"valueMac":{"type":"Buffer","data":"JBqtRocRZpaHRMMtPOJoRw3ASW6rYVhmOAX7LszaSPA="}},"GsxebyWr9apN0IDWOKeEUVmyHbhYBwVOPJz4epbRlsM=":{"valueMac":{"type":"Buffer","data":"KsKPWdFb2iFbutyk6wLssA/LaC9D2nNjMdekAU2NM/8="}},"G162E6qsnZ26xcKaEPGXpSNygh4th07Wt+eR/7vBED8=":{"valueMac":{"type":"Buffer","data":"IFJPFPBZU9g42GdgAhDUBBQ8t5RhBEs5eh/L1PlwdC0="}},"HKGzlXBS1nDKyZnxRmyrPtP9Lrvdj6hIdeuxRTxfUug=":{"valueMac":{"type":"Buffer","data":"d4S84IH+wfmmIcg4NCw9hjFde29RBLRctmNZT6dtqWw="}},"HP8fj26JpiLSbAHNou9nR06zmqCDv/FSs8lPz8dLEG0=":{"valueMac":{"type":"Buffer","data":"dVe+cGh8qlLGl2Hx5YSxk6D9JjrB2qj6YZG9myr192Y="}},"HlSilRLDL6Vc0+yhYyfJxJnV4YTDSwkac+E+/nxSiTQ=":{"valueMac":{"type":"Buffer","data":"Z0PIM9Wxm/p2lLiVdyAb6DWD3nZbdQ1B/JmEfJ/kGw0="}},"HoxiJZqXKLreklFfy98wl+L9DKvB+qacWg8pOv3oWR8=":{"valueMac":{"type":"Buffer","data":"DZbSVm4f1RjgJfPFq65RKpc9eLbKyieW32/F/D3Qm+c="}},"IJfkhsxViGOyEWGjZaP7Te29uvmeM9vckd2wEb8jwXM=":{"valueMac":{"type":"Buffer","data":"qyPV+bpVV0QwcFHYlAGF3vNMc5YyFUP6BV7hIrPc+DM="}},"ILAXKpcr0SDeVDARFFxx/zJbRj3IH8KVFwR0cVK8ia8=":{"valueMac":{"type":"Buffer","data":"QWooHeVDi7D8nXqdTvEspyWJYSL+4vn6kddpFmTZ26k="}},"IrI5N963ecPv3kUvNk++2XogOU4jZflIhmgPWu6WuSk=":{"valueMac":{"type":"Buffer","data":"9BoAHNVs4t50VCnnfhXp6X75XrEwXoS/ApSfuXbYyY8="}},"IugOlSdR57ewPaBLfNsEYrX0a4vgkkXLe27o0Ns+f1Q=":{"valueMac":{"type":"Buffer","data":"fvaOAC5jkn93jNj5Z4HyL+fgMonKvNMq+EG1G2U1CQg="}},"JELobuZb9UXz2ve5oEdgqbXogwuSFVBsnblw/12fsC8=":{"valueMac":{"type":"Buffer","data":"jrvl6hFZkMOyn/NQvW3hvZYsI+gy21p+EGnr02Fto2E="}},"JOKN4TBbxR7dScIGJdXh9jBTqVFVv+3essXeOCS2R5g=":{"valueMac":{"type":"Buffer","data":"nydkOOrTDF7NsrGZ1wrBrRMz6+lksN/YchrufDFWXLQ="}},"JcZTMiSqVQ0eXRr5NrPw2AHiGirJHwU/orhUfug0f/s=":{"valueMac":{"type":"Buffer","data":"6oKfuXpu3qC0WeaeTKoGc6Pz7CIC+QZCXDqA9JbPDg0="}},"JjAFActMRsQaHN7bBE7n9EeDEnnRE7G+uJeiGjfSizU=":{"valueMac":{"type":"Buffer","data":"TPpT1GDbI20XVFe7znbShot0RJd8BCLRIIb0vZYCdW8="}},"KRTK1qyyL6pUfp330rb9tni8M0IRAPWty1EApNdZpAQ=":{"valueMac":{"type":"Buffer","data":"0Fz0H1zzK6ctsDN1y93jdZT2XHFU2ZsRLW3HfrU4LA4="}},"KVgRIZ0sbunWjVvVF8iQhAimN7WLGG/0v2e+uWpsa7U=":{"valueMac":{"type":"Buffer","data":"gavLXZt8pvUNynXHHj8YVDq/8WaevYhVGhY4yatSEC0="}},"KYoOKXaV32LnH25KZRg6Cs/hILYcM+Qr79bi5gJb3cE=":{"valueMac":{"type":"Buffer","data":"cjEhUsTB+TWeDlZG0QhgcRgnm2SSqGTZTbewDqFdn+s="}},"LMKfQlvJCpvZIigw48ij7ybgsd15Mq6OifpIsd+BUCw=":{"valueMac":{"type":"Buffer","data":"TCAzDnGpKVQdn16vfGACJdA1PIFi05XCgvUCRXcCWwU="}},"LNlh/B9bjpw8VmKMxl3ZBFiuB3ydnwjVH79PRaUVnnQ=":{"valueMac":{"type":"Buffer","data":"CsQtIJDPOgxjR7BgrwEmjtKxSpNni7X9kaq7mIhEu54="}},"LPxVMmC0CKQALC2dGEM/N8JjEBCMSzaqO2qsCsHRUvw=":{"valueMac":{"type":"Buffer","data":"ANUW0bLB6JzHmsBMDDS3p2GemLYQibw2owSdLvQ3uSI="}},"LRKO1IEG3wknQoO+y0VVkqRWkHBh9L7GCjcqVFzmFEI=":{"valueMac":{"type":"Buffer","data":"yyMkBhRKk6u5YlKCLBQ8dw/nTDeGLisPVzyACG3Devg="}},"LZSuU05XosyhqNw56Jj6Kkqpz39222STW3ecUXS++jU=":{"valueMac":{"type":"Buffer","data":"h6wkf9j3K+JvVRehNo3X3MO1Bpzl2YPn5PK4hhTTYsY="}},"LlClk1MKf7+oKrUIlDpE+LFsq2JWIfCQ0nVVq9lEG1E=":{"valueMac":{"type":"Buffer","data":"0220GkoY29mKJbiFc6fqWcyxIcJPyJqBq4QQ8Rnfa60="}},"LnBK04m+g082KDB4GryZY9UR9JFy5uPEVgptUKf3skU=":{"valueMac":{"type":"Buffer","data":"hBgFcq3q0kVxkQDCa+v75uBRVApFuPKNO5fD1u1jCGg="}},"LpIbIr4seCKhg0TKDY6Kk6ILOySx5B5TUDiLz8GYtD0=":{"valueMac":{"type":"Buffer","data":"98cF7qpl7UqzfpXRuuJu2ja/MpUATkd8lVnI415PWQE="}},"Lx3c0unzkBXP2l/DaOcGTquqrlplMztiHi18ag5POTg=":{"valueMac":{"type":"Buffer","data":"E81ydxEjeey60UyCxrtGUYfVsHtPB6Xcz/yMWJzePY0="}},"L5H3sxYNRb/uBF8+hHcBHMQ2NGtT5VZxjXKfhaOBDXI=":{"valueMac":{"type":"Buffer","data":"8qJnIB0KV21ygWbODaetZZ9QXcgjRoEgrfIMoWxzzi8="}},"MHiaw0MQiXVIpdLm+n161yBH5rT5OpZo3OK+mkfX0cA=":{"valueMac":{"type":"Buffer","data":"XGR0+uYj5zusPIl5h97r6nDCH4XXN2pB60EDOM+w0TY="}},"Mio2fEHRnm2n5YcZ0z1K/O+iD98aqU/YZvFlNdpW3vw=":{"valueMac":{"type":"Buffer","data":"hKcDZvEWx6YUOj/oeLPY9irMUmfFJBcfJsGbQt0wCPA="}},"MsABttNigIz/kjLhDx2CYs5TtSyZZFU0/lP4Oa/rdNw=":{"valueMac":{"type":"Buffer","data":"IfVLF3JKr9oFCU4fAESy2VwrvTgpv5vJ+NGmkKap1pY="}},"M6d4kGMv4lfMjPSNXZ9r92OVlMeiKYTwGaJ9pFWLC20=":{"valueMac":{"type":"Buffer","data":"aOVmD9JrNZnn+XL81QsUDEe4Y7GagMqk+hJP0PMVPAQ="}},"NOV0iwT+U7PT9GQpdXEHw0TAwVu1sAA831PfwQXQ14E=":{"valueMac":{"type":"Buffer","data":"fFfzloCiuNBkV3vJJ/k5WgI0FiICDqTEBEZUFVN4W7Q="}},"NXOO6pNJd7srYF9QeT+ILWhkJv71dxjoDN6FfWKV0cA=":{"valueMac":{"type":"Buffer","data":"y97WYqN1Iydg45TEARI2KQNT/ukeWVP8B/aFVO/KOUs="}},"N1t1zGzoqRneseOWQKgVUfyefpJBz0jCjYe7gZGRVEE=":{"valueMac":{"type":"Buffer","data":"iguPwnfRHpwhQlaNcns9pADfHxC2066i9lwFyS9oqYA="}},"N8FOi9cG3AGhpu9+QAp8t6Bjb8f8diSno3cgoby7Enk=":{"valueMac":{"type":"Buffer","data":"dG+c6EtU4Q4nTAjdcqqhl3QJfd+XveFQmB5bcY69TwI="}},"N+yjGKibJJe1UUWqt+p9Ra5nfMHBLP5tMq5GnMN0hao=":{"valueMac":{"type":"Buffer","data":"k5TOHPZfPYX8AFNiYVxi7q8gDAEeQtegbSwFS3c2jBw="}},"Odu7BNGpvjc6/3h10Ss52uAFF6hnOZ8BsItWuxCh9o4=":{"valueMac":{"type":"Buffer","data":"5lA56FZ2snP1n11Bjp7yyuE0EdNDv/3yHHL5BnngEoI="}},"OmWcuVRcgikyckbAJjfCiWBJs1sIdrq1+tHx3rZAEsE=":{"valueMac":{"type":"Buffer","data":"zwkaOWvasv4qcKPKvRAqsIqed6U+x8bghzhd5bSuBDI="}},"Om0B0GjKtIaoROwm9udAfSWq7gzvUPiOCXhzUbaplTU=":{"valueMac":{"type":"Buffer","data":"WxOGHML3JSLFH8LBwEwJHyxHhBXyfiZ1caEILEkrG/c="}},"PVWVlRDelQDOMuZvzrsdjQKwtGeo/YQTgMHIv3rVD58=":{"valueMac":{"type":"Buffer","data":"Fse/BHlioT5wGwF50nZNT9XJP3F9Nz7jKiLxdmf+Q4g="}},"Plkh7b56T3pAtXfNPG31j/3aMtOe+5Rgb9k8PFsO/z4=":{"valueMac":{"type":"Buffer","data":"9nca276AUCx0Aua7k/2wKgJJ3fTnAPa2huDgO06MGIE="}},"P0buOeqonGkoS9k+tbwmrL6EORZFwu8YpMqTHhnCUqE=":{"valueMac":{"type":"Buffer","data":"n1tWWJsIWdUa36Lv31mRYfrn1Ko7sOp9G/jP73H+1cU="}},"QFd4DF9OipytciFJ4ZQPudVEFGIXtWK2HOWyXKgKZeY=":{"valueMac":{"type":"Buffer","data":"QDHr3TGlWa7sxKNxaM2+FJaNZYQ7px7qbHGn+Z6vzpI="}},"QOXzIgYCAl2qnZKdksuuQe1IUcZFrmpDOMVewm2qvKY=":{"valueMac":{"type":"Buffer","data":"LRtIwESIxy7LxZ5tpL9vtYXuc9Oo+BxAS0PVvPKlQvc="}},"QWqXmLoVEoTxPtSSVhWyJCCeX4Hb3dECYkpl29kwBXM=":{"valueMac":{"type":"Buffer","data":"UPoxliGpJRaUBiw+LNrQfUNb4vdr3QFJcGzOEt1J3Cw="}},"Q/RbeyPAbMDTERvxhzr5zL7yW33seOugL4wImggbsOQ=":{"valueMac":{"type":"Buffer","data":"aXvpDLHjNSDx+tdyNZw5xOEnRCZKSLMFrLWXrcdLlmc="}},"RLbgF7DLnIVnQ7dXiUsI2QBmELDtMBOfgZht5V16JzQ=":{"valueMac":{"type":"Buffer","data":"wylTuKVpjPjDoBXs0pUuGzKph/bh3AW2FTlxpx0znK8="}},"RSXisS5oWPOwI8pWJzgG56LRN/fAvUMVScUO3H47E0I=":{"valueMac":{"type":"Buffer","data":"u644kAvh8b4KIpjY9eecBHKZR9ebMVVJoqxutnAUFx8="}},"RS7dfkehY+vm5divQYOHnleY10TWqweIsAMOL0ya0Mk=":{"valueMac":{"type":"Buffer","data":"Aaa8bAqPFJFTuFPXhozwc5+ticiun9NVN3CCxz7x1H0="}},"SBAPDH6N2aLmtakiwzQbj3zhL9484gdEKzlnOssM6nw=":{"valueMac":{"type":"Buffer","data":"1DjdbzCNGPkeR/FWP4+1rWUJRRkl2T3UKwWYIHR7PJ0="}},"SFsiSKjHaLds14T6Wy1fzYyO1M0loEbRqM0q8Stk6UY=":{"valueMac":{"type":"Buffer","data":"GxofcVVfcQz6jIcxkSRgrzb3XMe/j+BvLja0ia1gu2A="}},"SI73DFuiPqHXvFetPFPWny2tH5u4TjTEknLD7+IOOnQ=":{"valueMac":{"type":"Buffer","data":"+zuvUOSYxtBJkBCUmwLPmZhhuAkq56bXOR+wU1Y4gDo="}},"SQ/+cdT5LAqAnD0r3S0tuJ+bJOucF5sxbH58Sijlcfk=":{"valueMac":{"type":"Buffer","data":"l9Il+ULgFtovB0QrDdQSW9IbJkRmHLrCwg7/Y/5r7k8="}},"TL76jigujBSyNGazdCFxzGyABBL1B/gwycucNRIXFYY=":{"valueMac":{"type":"Buffer","data":"LQT92sHCNjsBlUMJyXV1r4V77h9+3yoEjpZP06ybEek="}},"TZMqd4b2K6BJ9kf+oPCyWn8mfsHt3mBuDVzJDzS5lgo=":{"valueMac":{"type":"Buffer","data":"z0wYKj2N8vnPbGMns1On+RDM54WtlmtNR+ZlIuFeb5Q="}},"Ta5JanSBu2HfwTy6gyF06hzB6TB9hMaFdRsnEBlaTr4=":{"valueMac":{"type":"Buffer","data":"ZhFg7Q9bf7EGRXmY8VtinFFArStvJRpdh1CaeTihGFE="}},"TeMoma4NCq68jo1gVANFiL5kkSw/h4D3VdjsO+SuMhE=":{"valueMac":{"type":"Buffer","data":"wiQSrerh+PUT8nTd3Yr337gQkGEeJc/7rmStGbXVXsw="}},"TjikKvEHLKyUIOO7jDCEbz+dp575NO4QZsnCqMSicb0=":{"valueMac":{"type":"Buffer","data":"rw923oGDTkqaNyiLB4BUwHnpXruBDCLF6aBftNPtoks="}},"Tq729Tss3jfaqZe+tw/MarQ4CbILlUkl1Fk8v3F8xQA=":{"valueMac":{"type":"Buffer","data":"8mmVnPLXj79Ea2fkPRzQBgeFqgtGV4MyL1kJI7PrsoA="}},"T/TiWYdmH5zOmpgaO9QT8q4HeipXM/W0/X3W/GT09no=":{"valueMac":{"type":"Buffer","data":"m/DA1bgGKpXyYd/LQHOohunrO86zHrsSu3gD/YafzjE="}},"UD2uWfk+HMZE9RjYWvi0IcL7elzNIuzI9jtkm8IMaB0=":{"valueMac":{"type":"Buffer","data":"hCsUn3c0eCFaaeqlmEBkVwFjkZZA0yAeA0TV2MpuSIY="}},"Ud5eJA/7OnmK64x7saeGn7kH0ORJbcXQ2YjWkDNOfZw=":{"valueMac":{"type":"Buffer","data":"3ECd3B/YqSlaKOKFksmOymsyvT7u0giIZezzAfOMOXk="}},"UeyASejhoj9jjyiRSbJiRwIDiviG/893xxvUe+AN6Rs=":{"valueMac":{"type":"Buffer","data":"28/++XxUanJ1qag0ukH1cNS1vkwTWX8uf/N8luXhqb8="}},"UtSgzznC/D+Izw4tDoCQY864GZsdIOWisLx3HtsQDRA=":{"valueMac":{"type":"Buffer","data":"Fg13iFj2m4XoF7qGZZ6deiRwkzXO1/LLZedyhOxwUvc="}},"UvgwJooLOnTTSfWu7A5+QjmXxnyuTLoysb+KCy/NbKY=":{"valueMac":{"type":"Buffer","data":"pz2CNIo2vV+wbvD21/w4CQ02H+8pIzbAeslVw2Xt9x4="}},"Vnmk+nSWGjAI+qhll048SmaIK0RkodL0BjX/rUgeifk=":{"valueMac":{"type":"Buffer","data":"A4gG5E0/lfrsBEjAF/+QaEiSyabsx/wpm2di2+NsiQA="}},"V42bk5TxOU+8ARNHEvCWdW6mlWqxEfmMAUpTP7YRRss=":{"valueMac":{"type":"Buffer","data":"3SauXgDVbJDUe4I5iQsOz7Qb6Gc1R6fFSw2UqHxqNII="}},"WAQjdXhHKNMpa4oVlY5LwBnq+yrGjMayst43SrSVoE8=":{"valueMac":{"type":"Buffer","data":"xYpeiLVyPmhpvj5l/cy5+G+oDNzuIRbqydvqH7rcp+A="}},"WS9cJsR2Uw6sMlDE59lAmXeVOd6oWTYkVE/oQovMR9A=":{"valueMac":{"type":"Buffer","data":"WUirI7HOkn31Dyg13QtB/dl36LtKNkzmriMj4tmf5E0="}},"WlLTPAYvs/i0nNZutBrwxYr+SC8GRi0XurSnZshjlH8=":{"valueMac":{"type":"Buffer","data":"S5AMIjU7wTuWgFCT7fT0h4LG2oV6B1DscqHMVmNH+sQ="}},"W0z4u+9MsCw6HNCPNEgMTYUA1LMl7sXHh+DBgJ+ewCc=":{"valueMac":{"type":"Buffer","data":"seTYvB88MTtYDbvHcu1GQh70nUVGeu88sfDYyTA2zhQ="}},"W89sQ34eUT42eWz3W+cCJ34Z7iVvn82AEMDsv0qWJkY=":{"valueMac":{"type":"Buffer","data":"K4v7BHhJd5MrPnznZ2ItroDFVJKbcw8n0I04Iw8zp28="}},"W9bwHTGZoqPBmCynRuiVClIRZRSjoF1wtQKCZmmlx50=":{"valueMac":{"type":"Buffer","data":"6cP9agY1dbt0ji+dFWskVcv7qDplHoGgrP07VdlgDgg="}},"XBn8o5hYkKhDnqiKnTkm86OF7d1y/nQZ7GW/Wy0S3As=":{"valueMac":{"type":"Buffer","data":"J2dcWX9Nc655eGc+aRWkGZP1E5LrZEdJDitS79Fep3s="}},"XCjn+y+2g5M0rIBhNZQKn4zi/M/FA9Qm29JV+WMMFFw=":{"valueMac":{"type":"Buffer","data":"HAWHHlqID31bGgCxaq7lbLBrqCjBL7IcLtLN31ySw7A="}},"XGd4x6qR6qnn7vwiEGBu7fJahadJTB6KOAQEklmtAYo=":{"valueMac":{"type":"Buffer","data":"c5oMjwlGCIf+XmF3Sq3S6DMG+NNI40ldLinBhh3mUq4="}},"XMlDooVVzs/3hBC7dccJGGL7kt+xk1Z8IhyU6zj0BQE=":{"valueMac":{"type":"Buffer","data":"PfSeGqr5QnAidjcL0EToZseBeV7w6DqsEDvarjgD7Bs="}},"XS12Qpm8eOl8ymmlPxgzBuTKoAHyzvTz8XVideFa6Ms=":{"valueMac":{"type":"Buffer","data":"KkI471D1SeVvOfecbJZLSu/GFOnmaQRA/mYjMSEk33k="}},"XVJ6wbh2gFnneqniODQj4dIYYM/hSpcRaPyQPUT2JXQ=":{"valueMac":{"type":"Buffer","data":"fxd71Jf+5JvBfcnVkM0hzHhUTJPppoTQcHYUiI9riUU="}},"XhYKKCiFmPwHUzRlkgl9OSVEX7HJndpvpy13/4I1NzY=":{"valueMac":{"type":"Buffer","data":"oqy8cja8AJx29yV0fdwfEA6h/SMJX/Z29xiF494/kDo="}},"XjkmKUmpHzCrbJokKi5SOF4OVZWnpL6cNiKTL7kbvsg=":{"valueMac":{"type":"Buffer","data":"aGPeIv6skYeYqBc/97g7L057HrgV9Gi1Xhd+mgPRGJA="}},"XoHgXgJb0JQNufqt19Vqn8tlgPnf7JamkluD5xyjLrI=":{"valueMac":{"type":"Buffer","data":"VndGI2ebX6g79TMTFF2m4RvxpUkuPTm0CZ/VWCPzvr0="}},"Xu3pq24MVVTngyIGU9kIy+2oxdLul0ty/TIK+Yldw4o=":{"valueMac":{"type":"Buffer","data":"5QYcSaXuu0am78QB9K7zF3+QY0GljMCNquJ0leETxgk="}},"YBuKYkDkF2A8htZK+jS6ZWAdg9yu2bP3S7CBPhd4BNE=":{"valueMac":{"type":"Buffer","data":"fDwgNFIlhFuzG9+NhPo9m95bRV3WpghHBOUefh+a658="}},"Yo1KNxfcGA66cDp9Z+lZ7/ZMdvIJZ3aa/WH8GgVOfjw=":{"valueMac":{"type":"Buffer","data":"PgF1tX5X9rs9Cg4eI1IY1EWw00efBFa5OIzSkUu2gTg="}},"Y0uelP1XCqCyuZ/iR8mMZtXqVR0o3cgvaMzOn55H3x4=":{"valueMac":{"type":"Buffer","data":"khGMj5NDjQCVjLwHbjkkqVSTR6B/5F/VFlh3zBTtojY="}},"ZbN/2wf19G6QceOjpaqNW130f41GPXamM5o7wODclqI=":{"valueMac":{"type":"Buffer","data":"3Ak1rsZ0+oJmgalQ4WphmUFVskeAJJvYRSEE8+QFYCk="}},"Zo5HumDf4nTF0/6hGEPW6DofinU9ysbbEY5xS+k6crc=":{"valueMac":{"type":"Buffer","data":"ej2Rc2pDQcj9Ra8JYYgUKorTZMQflbHgl1e86/baUhE="}},"Z0VjTK8LQ3CUBcxB8vsDr1IbUnrLXXL9IXkqgH8T5Ao=":{"valueMac":{"type":"Buffer","data":"SG9KKsiRuxsHLsLvPryoh8ZrDe7NKH0IHaVikDCyKTo="}},"Z4Rys93BzqWdTL2RKN3r5rfqaySGKGUmCaJx6jwVLkQ=":{"valueMac":{"type":"Buffer","data":"hcfV+0LoBxhkKwiBjr3dFUZBI89bJf9mr8qGPEK44ps="}},"aBIoZuKxHwA0RhABMYBbUGfzq6XRtxG/TVuIo3KpiD8=":{"valueMac":{"type":"Buffer","data":"a6Z7OxBPoXGAaExUi4P4ifFtMq8yRDoV7MCbWD9dBLY="}},"auu3csOB+WrpWCcY/sts9IPfrTzp/AWnz1CDCYZTuU8=":{"valueMac":{"type":"Buffer","data":"/3ICmz1HLXsOTJ9OmmimthomVLxoGIqfHKrLGAXZ9yk="}},"awQLfxJh5XWHGDwXcF6Ix2dwpXvCia6IbNRfn/0EUqQ=":{"valueMac":{"type":"Buffer","data":"8wR36yk30wRb9v49lhWgv29dxobcIv6JkuC7JYierJ4="}},"a+A78M1kvbFOyw8sj5WhXw/mFsoAdwTGernYkpZi+AM=":{"valueMac":{"type":"Buffer","data":"+0UNF3IqC8IlKMWv6elYK9dfz48UF+LGQetVjtUexGc="}},"bh91aulDGzS8/88kgdXC6oAfwAS9N4muz4gjf4O2ksc=":{"valueMac":{"type":"Buffer","data":"KZiCvw8JSUHgMVjH98AtUXVuTe/PfhUszld0QO8khK4="}},"bmWpLaSRoy+W/I2iC0MWCsm75cDrIEKnOq8Uk1NSi1U=":{"valueMac":{"type":"Buffer","data":"fcV/RXpfBfooefwzbmsVuuouQS/tdz7J+Ml6PsFK4Q4="}},"bpb5x4C7ZxyqM5qIXSid6qD/avqiAySWXbxfhRaAbXc=":{"valueMac":{"type":"Buffer","data":"alnK9BnDbbmRU2Bgg4jrkUPamERlhmjfhCnuIE9Nnto="}},"b/S38b6NaR9UDbxd+GXc0rezjjc6viGXbZ2E2ZvhPuM=":{"valueMac":{"type":"Buffer","data":"93qZ1arLF/8DjCl6TN2jNUkSIEmj+n042ZRH1ef/GB8="}},"cU7KsBh3feJ43Fu9xYt8PzIlx+3MsqSz3pJccqtDAd8=":{"valueMac":{"type":"Buffer","data":"pLLWn1MnqjIjnrJ9hS5lHNyB+0oESDepGg22IX8IlUc="}},"cVn1AHXT3Dqu7B9wbnl7TDu2d/IWkcouVf38ygGwO6I=":{"valueMac":{"type":"Buffer","data":"gydalXJNcU9U5ZvA106+yW5Mxn9UFIFB5qoecYogD1Q="}},"cZnF07tn9VEuxQlbrVw2GrQ1jVCA4CQB4aefXDV131w=":{"valueMac":{"type":"Buffer","data":"Ur39wBggZA9cuyFvSVqgMTnDfPJfS37LNpMX5z3gqSc="}},"c9sOzit/6CS7x11Uhjv0dAuzgnG8a8pIHb5KeYhnE44=":{"valueMac":{"type":"Buffer","data":"xqGtXv1/HwDbPeJoyeoK2KYVjdj+AKHMv1DWNxcut1s="}},"dAnldHz36skZZ4rHstYkzuFa/tilL7wy/aQHAn5nl5o=":{"valueMac":{"type":"Buffer","data":"pCmgmGvs82qeIAKkTojJ7AOkkSi7WQ0Zus6LgIyUYrQ="}},"dDBHLMLXj+skqgk07w3kS3RT4Myr78/62wxPoAQSQ6E=":{"valueMac":{"type":"Buffer","data":"6GwahshZQRfBVFmM3xCdSZT00vegdzj9VwmiyYSJXE4="}},"dH2pucwaATlCRl445XHR/SpvirVqYoAbUIBQO/lZKz8=":{"valueMac":{"type":"Buffer","data":"xaZcyY1nosuQBKd+08+9nSmPzNoMK8hPQwbbU7S/AxU="}},"dXIjPHvkQ2OZgqJkZQwxQJaP11U+Qh2fNtbka4bhf0A=":{"valueMac":{"type":"Buffer","data":"s31KyieLku94bBsO1z/6KOk7Ynzhvug1Y6uslPg4G2w="}},"dbAPmjacUp5mg3/EyJhNv9QIK+5M4SlCp3Q+cI1W3/o=":{"valueMac":{"type":"Buffer","data":"/RrVWAENIG9J7kLdfGAwdxzLyOAEuwqI9CotsBpSIOg="}},"drpqTdLQcRd51jc7Zn7wzUxsTa4xl/K26GlbS849DzA=":{"valueMac":{"type":"Buffer","data":"uA+X8glL6pdBCt/P2PDjkMj3ivC1ukX4ETx8q04eus4="}},"d2rbfDTKsElMwodDNOH4DEsI+OerefuQe0ewDFC2/ac=":{"valueMac":{"type":"Buffer","data":"Z7kv5e4CK8Ymk17z/HkETxA3PM/7HkSANSu6TwfJpa0="}},"eQe1VNwYibwMsr4qqPJBU/yHzFr+Ed7MuOBas5+96AM=":{"valueMac":{"type":"Buffer","data":"bKwkYEAcN0R7efGlmYyEqfr40dNp/LkAvKE/Jzi9bN4="}},"eQ10zwL2q33MqD74kLd+Si6PHhDKl+RL1ZdQmmjdXwM=":{"valueMac":{"type":"Buffer","data":"0VRIUIbEudiqFqdsheDRf0ZzV+HdTxdZvhnK62XcHaM="}},"eS7Gu/Y9RyggxtCd5/ooA/UQSPGovNajq291o673/eI=":{"valueMac":{"type":"Buffer","data":"8Bp3flhZyXgkgxL2gbEqz1sBwlwVaWRCU4UzeRv6IyY="}},"ecLXH8A4U2u/VkfkFpoGzO0+nHg1q+uPd8QQw8w5V1I=":{"valueMac":{"type":"Buffer","data":"r5zpK1SAcySnsRzs51ZMIu4uoOv9WcsZ6O1flSr+3OE="}},"e5zxXGCZRg9y4XHQFylyIhacEGQ/M/NEApOxozQou8M=":{"valueMac":{"type":"Buffer","data":"nz2lQ5nSl1FJ/P4A4OoLTITtcbiRGdyeZ70ILHKK7gA="}},"e+ZJveSzQ65VfTY02Hq7qvwHNnB0cJTQfcA3FITzEIY=":{"valueMac":{"type":"Buffer","data":"OdraXi9VXLwQSUqvBLIhRUcjL//S4lglgbPCPupRPR0="}},"fBvb3i48x6dd8sjG8giLnefJJ+szTjqk8uaxoyU/8tk=":{"valueMac":{"type":"Buffer","data":"VTCEhxgK8dfwUD/P0kS2m2oREqORoesbnXgz+Lasjx0="}},"fJ3alqLKJCuwjK2KuXYAY1l1+jK42dO9PM09gp/Z2r4=":{"valueMac":{"type":"Buffer","data":"gtb1/fChC7VUx5m7lHSlixKBs4hrLSyLXkhlox2GTNo="}},"fLHx0qIxF/sdAiI7ZmjyR+z/o70PAu3aOfBk5FhDMSw=":{"valueMac":{"type":"Buffer","data":"++FH831O6oUgUx5KXytTR13FheNs4i0UGpNzYbQhqR8="}},"fTfeyC+COSzaWdnyIqjFGnSHuuqVyTFw0VKM6/71k1w=":{"valueMac":{"type":"Buffer","data":"1keF6LJpdo32DYAYj1oL3kg+ur3Le3vGD1qLN5zPdlk="}},"fcygz0bUQWjB/a9XBOTdqxXgDbjPpSAWRTsMfrilK9E=":{"valueMac":{"type":"Buffer","data":"SPpWqOnIrTVcIxeWwMNyontpb3i6UBQoppfIhuiUUqM="}},"fwakY9QCwwp+KxbwFxZETfynO2E472FDDtfi2pcl8uU=":{"valueMac":{"type":"Buffer","data":"doEbIoA8UpTnfbfc07EatR1Mh4Vg/XFe4hPjL4/dA+Y="}},"gEsu0Jc1BaLzY0uUvSVzgz5xynoiJqNVi4ulcP5r4UQ=":{"valueMac":{"type":"Buffer","data":"nYja3aOZVxjufKkR+ds6a6xt6fdOE/I2XSrofYCUn6E="}},"gJnk8/I90vSjUVuAAi5PXzUXBy24gwAE/srvmYyBIQM=":{"valueMac":{"type":"Buffer","data":"JsFwkdc5ugY4r2mXw5CJt5fMykXtFXN4oeexh4WkLHE="}},"gzFL2CtzN6GabQArWHzK2ath47ZggXlvbKYwifb/lwU=":{"valueMac":{"type":"Buffer","data":"R7xRYTXjapOL/YerEwREPD6BArBGfMskrhSUZguctsw="}},"hFFQXUJZYRU5ag44H3HDvfesz+f7SWpj7bauUZ+3iyk=":{"valueMac":{"type":"Buffer","data":"sV/lu7RTyisfZHYikdjDHPqN58wmr86om13GOMd2dnY="}},"hhvbadUZCt6MVzP4twPGwx6nRS64saSPWHcMveBd9Tg=":{"valueMac":{"type":"Buffer","data":"nHaV9ltJS0R0TypgkgA6vjpFE07IcqjxiV0qmh6iHjw="}},"hpGBWtLZO4i08xzV/DDplM0+gEm2+SQXWgONMGC2iww=":{"valueMac":{"type":"Buffer","data":"sj7JQZZJxz+4I54YbwC8mOFA5gYBaYwVok4FQ9rMQk0="}},"h9h6Z9VxcUi9OXRWQe2YKviDoIbABMNkiB5HpS8v1n8=":{"valueMac":{"type":"Buffer","data":"fAwCSWngOSf1Xc5JkaT3E/bLSuEiMN2kk0OMQWgWRIc="}},"h/0ASE9oW8DnBLuxBAxWy4elfwZZY9bcWvAUbo2KbtQ=":{"valueMac":{"type":"Buffer","data":"jVplw5ipo0IwzlCNo8e7+2k9WzjGMHUrGWJhwXkOp98="}},"iGXI/Np2QbKsd/lEjuHbWKSkjg2vmFP42dWPI5D4Kuk=":{"valueMac":{"type":"Buffer","data":"JLrQMEaCxXVc4RQjHzsvn8tfsODBzX2SMqFpE6/KYsE="}},"ibyk6f1OtiRPTkjsMwbWjVhwO0wm/j1efvRL3dt0m+Q=":{"valueMac":{"type":"Buffer","data":"AHMvwwiQy0dB0lvX18jhj6youSP9pYV7MJSTtdez3J0="}},"idDXR9qqAZqr/BbEebooiZ9IqCsVol8CtfHNObSRY44=":{"valueMac":{"type":"Buffer","data":"B4csTR3Obrw/97k4ir0fDPb5jDW11YvppCBNVsTOyWc="}},"iqme20VaX91vjA3CqDB45GpfOwkyGt2A3lHL9hpzDbs=":{"valueMac":{"type":"Buffer","data":"23Qke9D6kng5mCQ6ABV7mYcNnxVH5sjUkPrc7P4ZPOY="}},"irIqJMFreQYL70Tdl+nRSewRzQWCd17FNvL91nsowyE=":{"valueMac":{"type":"Buffer","data":"Vr8PpZ3gzW0STs5sb2UrijqpY1CwskTNig3lfasPcpw="}},"jKvM0AY67y++7NbwkVLndMmBlPxDta0tHxiK82Z+6xc=":{"valueMac":{"type":"Buffer","data":"zB+FUGu/ScwGsGmSU3N9Zuw1j792pCan3Gaegg8tJ7U="}},"jK8I3PQCw5sp47BwlslVap090ecV6emVrwrusH0EgNU=":{"valueMac":{"type":"Buffer","data":"Bw+Y+a9JG3Guewkmo7R9IZvPVsaEEVYKaLcuPrNUG88="}},"jMJn14BXx26HFlAhw/BIqvW3jH+RGabqw0ogoimGY7M=":{"valueMac":{"type":"Buffer","data":"yfNr+fr4rfy0sbhb5RTd/X+w6Mn5SxcY6qkYOnT80SU="}},"jgxJBKwJXJViQvgmPipyBM1aTPwJ6bBSkq/1SmbhDl8=":{"valueMac":{"type":"Buffer","data":"wkjBCeDJD5iCgMgsdlxr8hEnO8j7u+Hd0lkdtlAxKNY="}},"jucegjGXlEjVQ0QEYIXTLLm+UgABe2U2YHfEGstUl9s=":{"valueMac":{"type":"Buffer","data":"O3T+B5D962GeWcJyBSP3OXerwjDyD1aoNa9ZC2HWgwE="}},"jxsKV0T0Tpi8APeuNFeNCWlYWD71fb9XyJEWET4ciuU=":{"valueMac":{"type":"Buffer","data":"Ks3BJkJZJRIZjz7SdYCECuOwWJv4teaQPYGg1kxy2pk="}},"j0DFjHYTOEKUoKfCBGOxSKvCUUklC1OmchkesMm/wZw=":{"valueMac":{"type":"Buffer","data":"X6xB8ejKnJbG+jgfZ5V1323jCqgyIGASea4dMzRfOW8="}},"j9YL5w0RKuJDgBOL7Oz0RolbRN4ls+SZZI5/CA9gtfE=":{"valueMac":{"type":"Buffer","data":"bsyo8+5rWmxbLA0PPC/OB99QhbC0L+387ic376AuFRc="}},"kHNrcDb6XOQfkIebdfDPtWchZqNhPRDW88kW/1nzDsQ=":{"valueMac":{"type":"Buffer","data":"TQs6+G2UASB5sLYGIKh0T82WSxs4L1D2c1Plp58RqP4="}},"kn2vO6lcCVP+ZzOa3uhv1h17YYJX/2xId4Eg2pBwx5g=":{"valueMac":{"type":"Buffer","data":"zsOVMYTcbXvw1b1PWZB3xfxPznaR/RKoJZwCCDHMMIM="}},"ksAFYvRUZF04TQNyaejwWwBohRJIx47z9xJ2lBR4Dws=":{"valueMac":{"type":"Buffer","data":"csFLy7QyH5CiFyy1S8wJo63ZT809z6pI0jRFDbGvvIY="}},"kwF5HwWuKFCS73RIzE1iNc2xqs2IaUbcLq+/IPGkzLc=":{"valueMac":{"type":"Buffer","data":"J8xLyFkzs4GFaScZ37uUb1Oe5JOmPhTgYJZsMz1B6Pk="}},"lHlCG65KEoX4tBgJkmfxbkHzbnEro698sCAsmWMdgVU=":{"valueMac":{"type":"Buffer","data":"OPBfWR5UHjvCHB9qbJJS7EkgreTr9kTubaI9GWFOosg="}},"lKNPhjM1avBdQL7qxlSAWxPGkFMyzP9ZSkjXPGYZvLM=":{"valueMac":{"type":"Buffer","data":"fqHbdnTfI381mKUYzrZXnWEisay/F+q7rok282jxVg8="}},"lYL3Fnr0NJoIxeGNN872/SOZKkHynjdW+Tl1t7jjrWQ=":{"valueMac":{"type":"Buffer","data":"fh1w9EG2bG+rwDAZeBtfETOzLJJ3EJV29BKsS9d7erc="}},"lb4tonpq3fLkFmaxMfMPc1u98rY54lZaMPO8PRn9514=":{"valueMac":{"type":"Buffer","data":"kvFMPrXWWqgIF8HQjv2FVXafWYh48xLLq+xlIBHu2Vo="}},"llkbxZUfJuKJIp1ySBsc5bXIZqCFdT6AF9QJ9meU4l4=":{"valueMac":{"type":"Buffer","data":"EqWCLqPHiRgCKisJmHIinXw/FwIscyYBwsXtEEFfdK4="}},"l5r/1jwS4EueiOhp7Ysgk1hoOm/CFDhxIllm4TkZz2U=":{"valueMac":{"type":"Buffer","data":"MtJQ5Xt4ezi75BaXU3FEg7ge1cZ3SSiRpBpoQapxhgs="}},"l+A//+jpw7j95Wks3PeWKrJL2s0ecdh3fmJkaQDTUCQ=":{"valueMac":{"type":"Buffer","data":"JjiW1l1AGsFAccQyjm2Kn3DJOHkNDZ1okFBYx44OVZg="}},"mHG7gpPEO7pru8WAL8o39nJZHPIzDx1C9s5Dg93d2ew=":{"valueMac":{"type":"Buffer","data":"nZf/ftPcgF7C4ouOSlMlAYHGUd+rqANPhsbET0iGZAk="}},"mIbEqPN2erYTssAD0Y3DPG7NV6BRPUzJSRWWQWTIdwE=":{"valueMac":{"type":"Buffer","data":"t0/+P45Rfd/DjmQsIXm0KkeL2ayaZH4J9w2585QBrw8="}},"mXSOykmqw0LvEDoyiT9PAuqdBGUmhThkUnkWLoZGuXU=":{"valueMac":{"type":"Buffer","data":"QPCuKoAVOZHwSazFbMTOkIjvTkmSTgaFKdppIi6IRj4="}},"mdtI+nWNge4ZhhOxJHxmFlDZzmVbpYL3WfzkdGLJJZo=":{"valueMac":{"type":"Buffer","data":"COsMfWumEC2Y82pelpV2Qu6HqQ/gXz6g9k3V8UHK8eg="}},"myj3UdVPyAdtIphwaa1YizQNeOYH3oIcgss3r3mFdu4=":{"valueMac":{"type":"Buffer","data":"ggSkzDaG0nCetnVbL0igosExJm5AAx4SIZQWCJ+bPS0="}},"nPrOU4xjWmeaf+LnaKA75Dc1Q/aWT8Edh/YBGYM59NY=":{"valueMac":{"type":"Buffer","data":"HtiMCVJJjAQ9a213+edA65rRyTU70P5XdPhRDXxjc4Q="}},"nf97ksjP8QKE7sAi2gqOkRUw24FxWaosCqoBkEmf3Ms=":{"valueMac":{"type":"Buffer","data":"7kP9NQA0klAkfOVo8QCO7wPeZTvKrsIygZVXGSd+r3o="}},"nlLkruTna8u0+M8gKTghO/Srs4ybGqaGFIzRybKxDVk=":{"valueMac":{"type":"Buffer","data":"u90DR5B2FIleJkEmmBmHLCUgR4/xz6Q528/p3vhA4Gk="}},"n3vFkd3SPCXRQAxQS+EquCu2Sg5TxHlFSK6xV05rjlY=":{"valueMac":{"type":"Buffer","data":"yXH/m15XBNSLDZgHeu9/xm7/qNiSxjgJ+DJm4lFMoY0="}},"oOiwouN8FsVc7hF8E7ifmW7siEpAtoqfUpqkjK2RBtI=":{"valueMac":{"type":"Buffer","data":"x7Gn3LR01Y2OevWeHWcG1H5YXLAn+t7eTLMOwTorLmo="}},"oQUVp73ehRyg3kCPPs8vutlJ0TW6nykTGXCwSUUMtaY=":{"valueMac":{"type":"Buffer","data":"WXs4VaG+XG9GIafum8bN+jqQKWBUM1anGcxi+xH5SN4="}},"o1cAh6ML1n1qFL8Hl38CYd59gRvXWLkHQdKfo/F9Ggk=":{"valueMac":{"type":"Buffer","data":"t14MaY4DUVU/cACxtp3cCQDL/bXeVKZbB4+osrhmPlE="}},"pBpWlHb+Kn/051P32mEQIqlf7+NJiX5KZrcyKY2ZyhY=":{"valueMac":{"type":"Buffer","data":"zFwBfNuQi3MBoB8uVhQ1eU76TDd0Er3SjY1OXdmQ/EE="}},"pMFqw6ExT2zT9Vf33j0dUZCv3Ob7bvJNYO2U6GHigJ4=":{"valueMac":{"type":"Buffer","data":"HJ/gi+hnSK7UXNqfBebli46bBtonnchQlC0PjV12KNU="}},"pbRE7qaGrIaza/D1kyR2bwxHTZXerYxXcBm3il5WViY=":{"valueMac":{"type":"Buffer","data":"54nEY10/ERHIWtYL8/avRvUSNkudaXyiGE35hVRVc2M="}},"p7exIIuJ4KbaimHE29dPyySDwUANr9yE+LCq2YQsHeI=":{"valueMac":{"type":"Buffer","data":"wfUttb4RhJF5Tulgvx6DQw9odnD900wN3RV+OLoKKhY="}},"p+cBjO/bwS/L085U5SHm2GpfEKAmir+RQVeLHYEXKmY=":{"valueMac":{"type":"Buffer","data":"cq3fOeNygIeY5JfxHN72+3mWu/bs+tADF7THydlMU34="}},"qLLn2II/Eq0RbkYVDFXVc6cj5ezvmG13vEAkIxVTGq8=":{"valueMac":{"type":"Buffer","data":"f9LUiOIutHwSHQBXsX+wCojyMrehHJjHrUrXGSez8A0="}},"qU+IijHnrDI4wLWdyOLYH5zfvSi9GeGGgr5gluiOi4c=":{"valueMac":{"type":"Buffer","data":"egWkOgVcZzg6BOrGv/WYpUgWb8qaC51LEXhXNAlBPKs="}},"qg5+LynExl44GLKV4lsVxLyV34lOPCqbv0Z6gOEgZMU=":{"valueMac":{"type":"Buffer","data":"I8ysW/joov3uHMrvBOw5yXECDCEDqfJqc1HVvutcgDA="}},"qiu91ARQnNkOgkXxM1Y5Iv4XYAGdX3V4edpkzJjVjoI=":{"valueMac":{"type":"Buffer","data":"p45tcD/nQOsSm4gWaAGloW69y1PUENAbASU57uGtKM4="}},"qr2TxyPqLRw3XAMuMUFKLFh8F13J+KvNsXC/OjDEipY=":{"valueMac":{"type":"Buffer","data":"lAGf7tifvcYkQLqQQU6KNuiG+CVl4fQdvR5DhBhk/YM="}},"qtNFgJQRWDa45uU83cmK2AGUwHLIttKh2KIWKNPXzm0=":{"valueMac":{"type":"Buffer","data":"jmMkqyjHij8MEpVA2X9X10gvRlKAHXL1FZz6MiKebOk="}},"qtZi4REhbF5FJbTOAjl2niMiJhavfPA1JC8R0dKExX4=":{"valueMac":{"type":"Buffer","data":"rJctx1k7dzHhcq1g9p9EwfbVz3qW4ru6ASkJd2gIb7I="}},"q0qULdE2jOLk7jjqjQTyzuarIwLKtoPnxBLgIONMfTI=":{"valueMac":{"type":"Buffer","data":"bAtoV7ELxh8d7rhOF3GwrFDKMVDZ2aVH3MKa44MTuyk="}},"rCy1Xg0V4A9kTzxt58hbt1sQZylMPEXyeyCbPARuRBg=":{"valueMac":{"type":"Buffer","data":"hW94aDTeDfCpfO6PtJ8lsII9bWnw2ID/FAe5Cqmmhqo="}},"rJVNw+W3kFlGsMM3M/6UvLphyKwdWyjLmxE3U5tcfKY=":{"valueMac":{"type":"Buffer","data":"FOrfaccfcWth0AcvCotr1auBeFLteIWMlp6UkPaSXmo="}},"rRN3RC2ksocM/yQYISnLTJZkAjYKz4D6qRMv4z7xWKM=":{"valueMac":{"type":"Buffer","data":"Sdfa8cZQcm1/TgEZPFqQezMGC7kW4zsMD9vj9U6ShIM="}},"rUXTW5d7TWdV9SsRlu/ReY80jqDuA2ACbpDoR3qEOIY=":{"valueMac":{"type":"Buffer","data":"4bNUxXNA4eOZN5CqP5c438trQ+OKEheJGGOTAmbeIV4="}},"rmtkn4CTJomlz1QJcvYwJj5WlvDjLdm6h3vDC7wxEqs=":{"valueMac":{"type":"Buffer","data":"eSSXBJsoBlFwTlnPCIj1YbZ0P7DnZSMuTpis/58aC9g="}},"rpQYYepKVDys06GhQBqCSBY4HeebcadD+ZLQ+ZNhUZ4=":{"valueMac":{"type":"Buffer","data":"KxeibveQr31kvsY1Gq7XZH799abvBmPJwPzfRkf+0RI="}},"r3vVtyIggBOXbvWFheMFoybRx0F1eyxOG9V+xxAsLJA=":{"valueMac":{"type":"Buffer","data":"T/QSYDpERet2nuKkHiU5SIOuEBssCRcGfFHL9hE6eB0="}},"sSI3DNqPxjjGOqIBSv8o9SleWuV41MzVtcDtYCaW8A4=":{"valueMac":{"type":"Buffer","data":"Eq1BdY0fHvFtfsSO+G/GV2yeWyjF1tsJotlDZvPWOl0="}},"saY8eSdME0wvaaUlY468pkAbFFM1K8c7392Rktf7TmA=":{"valueMac":{"type":"Buffer","data":"6qJhP3BFt2UpYgSg/92Z6b6oWXLOpKJuVQ+JlOVQENc="}},"sjIjTJeH17GOUdDkMHkMWWpeL53LdRXHAyyBOJNJq+4=":{"valueMac":{"type":"Buffer","data":"ZiiNjaBJsfgBZ88o5EAnHIW1da8mFY3XN4d0v4lgGNo="}},"swR4/W+6Gf5zpkXgiYYUe89ONyRTxk+U3k+FeNiThCU=":{"valueMac":{"type":"Buffer","data":"D6NWDAr+XLaC3TZL/rjHnv859cC6lXIdcTzwSh8FyBg="}},"tCN0pMZvbdpLyc+DRlRT+fhbG2JeDkCrC6wD4wLduFQ=":{"valueMac":{"type":"Buffer","data":"MC/4E0W861Nz9l8LYRx22zyktfB1XqCCntXpZqnZu8U="}},"tKg7/kNEr5HCGKRHfPyZn6bAuhPXlq4kGi7UjMLObRE=":{"valueMac":{"type":"Buffer","data":"iVoXi5B3svco9Jux6ZQJ+ApA7PfDlYJ1oh0I/ZwK8bM="}},"tQ3gsZHgefMQpA8I6eLOHbmqum0noQNiNMxre3I02cc=":{"valueMac":{"type":"Buffer","data":"UZbOkVfUMpF3WsDnAcHY5EaN6QKXC2s9rQQY7uHDbbA="}},"tdxqBhVHsf9kLJTartJ0Omc7NEIue4/kELRNLWleXPM=":{"valueMac":{"type":"Buffer","data":"ZTppr+NkTvoKJ016SELnsECbFMKDzSN/ivDVeaWUbzQ="}},"tfRN+iSuDzUYuo8ni5rVcW6S/D5/owHGtagcYuN3Qd8=":{"valueMac":{"type":"Buffer","data":"fFHcc5VQqJkFK03ZpqB4/738/rcyEE+YKmNk8HyZ4X0="}},"tiihgmNBGyjbyf5k8Ce9V8he7V0hmoYZN6PDz1vm4p8=":{"valueMac":{"type":"Buffer","data":"iXcP05Qn5ETDDE4/gjyPTuLmq7yRI8EzonfYq0cO/ng="}},"t8bn/2ybKtAnINPgu3/KILPi9zOEovFQ4rgP+MGphq0=":{"valueMac":{"type":"Buffer","data":"z6osrg9UTfwU0/0vWOq5uPc+NNh5weo7N1oItxDRZyY="}},"uAm3MKGHuMaLDAEOxY2816zge2PuYi6F7Qvo2XFr6ZE=":{"valueMac":{"type":"Buffer","data":"3aNkR4oHkRzXkTeqEEw0ZicRkMTdGBGR4gQhYxpB880="}},"uK0MaPRRtctFMBGY/+r8Ls4MJYKY28pcZ8cb3EKBhA0=":{"valueMac":{"type":"Buffer","data":"Z4HSCgQ5kGneSbHo+2QtCQ6wlfkfeiW04zpyEoWnczw="}},"uS3GnguBoQoGgeQAhTZHjGHYekAHo6JwzW483/g7ZC4=":{"valueMac":{"type":"Buffer","data":"frkFLDHTMg/2CgWSVsSE/lv4I+uxS8WYBufZZoCbVx4="}},"uTbkOTFian62gVShnZNa6LoOpJbuxW3aMJi0x150Uak=":{"valueMac":{"type":"Buffer","data":"u11wnQ9fgKxtLqevrM7YmT3wICTkzeN8JW9GT9dzQh0="}},"uVV3qccNvB/SGIgLVnhzzimwpKEkZD/ZRT3ZsjQpESc=":{"valueMac":{"type":"Buffer","data":"ch12V1zXOrmdkcgx3PH35WqzHtARWFX1SQnuBd62tos="}},"uXilceoiPyius4Rpxv8z9rzRUeAxoYlEdOccjMyeSDk=":{"valueMac":{"type":"Buffer","data":"Qpm4W0SjZSLGzEtrEg3bSGu5c/NyLDNIepljEeq15do="}},"uutpHT42NWBYz359x2gj+F3D2ebB+KT0I+Hk8l19P+I=":{"valueMac":{"type":"Buffer","data":"DaZ3IoGhu2XeffJ5VaVMVDGQ+06CQZJ8qe0jUGNWaJ4="}},"u9oOxbKlqKtByXDk1/hICZzbZFMM9M+yTd7BRTNHqHY=":{"valueMac":{"type":"Buffer","data":"3RRNMcfPfchsg74mSW5aEO7j9SmB3waG8txod84OpnU="}},"vLMbQPzm16l+PLCDuWy7tsOfP8AkWV1kNEGFX10Qz48=":{"valueMac":{"type":"Buffer","data":"mh9gpxvLnvSqluTvIHnrovJ3+G9L62UYhvskxrGtQPA="}},"vPVmOVEPvWj5e/ZlV5OyaR0R7FL/H/W/+dFhI2G8f+I=":{"valueMac":{"type":"Buffer","data":"URLufCEx8e6G+T3jfgid/8oB7Ul3zqW31nWPF8Zp1+g="}},"vV09vUlNdyb+ua2zp5fSZU84M2/ohoQCc8V+zCpO41o=":{"valueMac":{"type":"Buffer","data":"dFZkezMwmQpGgbG9Hgs9CzYpme69WSS093N+gEzrPjs="}},"wRTXm4bgGY33HCMdOUTX+4cWBY3AiSEwvusp4QQEJdQ=":{"valueMac":{"type":"Buffer","data":"lepx7+t4XJ3uemtITjA9O3OBZTNSUz2jXyYyFzkPwo8="}},"wTxmpiSC9YZDrjxETj4FRSW12sJmmMs9plFAhQjUxBg=":{"valueMac":{"type":"Buffer","data":"JaSJG1ir5wLNZucI3uKI7/k29uWkm8TNAXM2Uj5p5ug="}},"w2UMflORyoLcjvfe53XO7YpRCi+ZgnJbuZ1+LzHuFIs=":{"valueMac":{"type":"Buffer","data":"uK4B/XshcAHmJHN0Pi3pE//AbZObt6offL26cwnlJMg="}},"xEeeE1BsGVkMBfbfDFqjtKYSC1T24oeDpcsPg6QGJHA=":{"valueMac":{"type":"Buffer","data":"078PsW+vJJksqAeno+EPGmlX1/3o48hK4nzoiAEqjes="}},"xI2VEUfHgI74I5PcMsyBpZzU9mW8kBxMIkaVBCNXe/E=":{"valueMac":{"type":"Buffer","data":"mslLWA2Ih9nm4m84YH702I9sr/syEMWdIbnYDk0Fg04="}},"xKNwh4Ojs6Fqn4rmtjLVP82Ifji8b1x6m0Zh7ZfpBz4=":{"valueMac":{"type":"Buffer","data":"c2E/IXAe+8WM7Lw0pPdPK3t3KerX35Dk+pWP/uSoid8="}},"xUPRYgn0wBtfkHlt+Qsl1IzyLbGGhUabncV3UPnnDF4=":{"valueMac":{"type":"Buffer","data":"SQ1leujtTRZ8E4VmEpp+SetsweVsb59GD8YL1G7P9ek="}},"xURsSldZrTU7z2bKy0t0vYiGE/jU+MQnOXR0z37Sc8E=":{"valueMac":{"type":"Buffer","data":"XOyROuE5TbBNex8hs4kiNcm9G0GXlCdxnpzi8Fv7thI="}},"xaSRWetvG9PVJrFwXV7wi7+l9O9r0i1ZwJUd/0QTxjE=":{"valueMac":{"type":"Buffer","data":"e/jLJAWcdP6sBmuJesiSj1kbIxydFOQL0LOz1QTBmBk="}},"yiE9ZXCYU9nOPBunU5g4qqq2dDKzmtGFB0xaxRtzKow=":{"valueMac":{"type":"Buffer","data":"mr39XX0kl6ASudKg5G+xzPFPdfurPXSXphoxwOhr++Y="}},"yjWVNR9vMXh7QnkPmPEa204PDzSA3Cb8r8DrZhmWc+E=":{"valueMac":{"type":"Buffer","data":"aqytP9H/RKzRk2eHWWnIGUlnFbrqwUtBJhPdUOMY0kI="}},"ylNK2Q+cUrcN3yINCstr4jX7CrwYLe5FI1lmXq3Clq0=":{"valueMac":{"type":"Buffer","data":"9RBDH9c4xMMNrSQ6FaixKWcFeB+V6UphMrCaoyXmN4U="}},"y6q2p1PC9sOZ7QShb9rGA6vR/b+KpPcH7upQIg75EnY=":{"valueMac":{"type":"Buffer","data":"BjxFmkyr6qjAsLJNk5TALXkYGXfW3aywOS/wPAWePTk="}},"zJhNk9qNtl2AGhfEvRKJMLTZ+wxP92l9CJBZ6K6ilDA=":{"valueMac":{"type":"Buffer","data":"vJtRbL2nst9Pd7i1ZfKFT2f9QrEKj4gTv77LNBtKCRc="}},"zSOrhkSCeIsZ2jZgjcFHxBGsZ4Hd1/lRFVhtJE0CyIs=":{"valueMac":{"type":"Buffer","data":"zg9z8neBUKV9/1uRuTC7lACq7bioUFvbNIiDpBVEvMc="}},"0M0jSjWwpKd4JEJEW3bcjBIxIspPyliOwp/ErBE/vWc=":{"valueMac":{"type":"Buffer","data":"fNR/bBLhGSv2Dumnecs5rPFZSBPdiEUkTr/zXlduhpk="}},"0Qp7faMAJrVL7jj3VFvL1tZPurDNGpGny3WuJLd6BUw=":{"valueMac":{"type":"Buffer","data":"p+wl2jrKVDbIZYOzNDkxW3einnQYd6Fb6Hl4ltp14KQ="}},"0TLXRQqV9GKMmHmt7VmwvXtn/d3hDhY+zOchpfBpbEk=":{"valueMac":{"type":"Buffer","data":"HakchfRx2Btj3u2L7EicOcvbWYvwntwCGGBPD/TGPlk="}},"0/euhEIntoyk1OtlxDPNbGFO9yz9ln8+3871KQ+yh9c=":{"valueMac":{"type":"Buffer","data":"WttLgoDqc6RS7YT3ROOc2t+OiD6kP8+1Vrs6ZTnX3+M="}},"1HKzzknfU/2s2lKOI2AGL2y6d/J5qgKHjMAH3WYTUKM=":{"valueMac":{"type":"Buffer","data":"+H/iBpE7aOpwkLN/lpQ6UDhreLDygf6yZgTkx5gg60k="}},"1KXc/a5taI6fpb2XU7DkeQEIFqOk+shou0zayQftQik=":{"valueMac":{"type":"Buffer","data":"qds5r/WAX1uaHP9sYBnVr39YGUWe2FCfHmzR3Yy5sI0="}},"1KrhZk/PAGDl4UIypqrjcVn1+b51fTBaafqt132h/tE=":{"valueMac":{"type":"Buffer","data":"zpZYoQZQUUyUS3vHTjPMPOxa79cIkt2wUhVkIgEydFI="}},"1LLEjW0PflrcENMJPja7vMyf9ZjqNkb+RczzbKivRNs=":{"valueMac":{"type":"Buffer","data":"l67YXZ5Dnx406lD4UMiPe4tYlw8YnAV/nAmmKWO8anE="}},"1LeMY0eMY63r9+mWxOYrVn6vVq4FdhOsR/MHz8/YWOo=":{"valueMac":{"type":"Buffer","data":"VINPkbSta2kB+SMGS74uFpd+4uDe8DWH0ZTXaC7OgLE="}},"1T249Wh5lFJj7UsZqsq+hr3jWuM5Cb7PAY4zwG+nQIs=":{"valueMac":{"type":"Buffer","data":"6rF8wj0WZ/hF6uKQ0hUcNT/FX5xudJ56U9GJBlPaTrA="}},"1eFLokaxO5pUIQBiLKXyANeHQiOTfHUYvP1b1DfQBKk=":{"valueMac":{"type":"Buffer","data":"jFCmY27ttUtMLT9YBADg3JHc2SJyLcnTVu+2c29QoFE="}},"1l2RxuwvkXx60gM41DJs+nA/g8WOmMoFi/TLq0/Sdlw=":{"valueMac":{"type":"Buffer","data":"z3ijLwJaotq3pnP88EyEuKCcMAxt2G38dhBxAogt7sk="}},"15gpe4t8srQPg4W02QNnQ9uYT0UgBn9mwnUtfyTDxng=":{"valueMac":{"type":"Buffer","data":"rW8kg4+YsEMwUoeDyy7fhP6MED4sc7qCgQNK22TcXsI="}},"2PcEQf2Z1HqMxyz6BfWK6PyIFMOapsJLD/vjHHtJaU4=":{"valueMac":{"type":"Buffer","data":"mma8P6HY4e5QgB+jDUdiGHR4JrL6HeqB7f+sgRupXtE="}},"2RlHXrK9Mw9PjTGkt2Z8BAC+657iRF6j/Y4LwDCDprI=":{"valueMac":{"type":"Buffer","data":"9C8BeH6ZygJO/DgGbf5BRn3cWqu28L+lV1LmbFG9r8U="}},"2krSmw6T9xP0r+rshwiB9DHFB1fGjucX59GZcJ6nc/0=":{"valueMac":{"type":"Buffer","data":"FVoPXY3rR/76hJ1dfR7M+zlumRQmZCAjDQig5yZpiMU="}},"2oozdx0FlUSdzBEdtUeRixraPIJjG8NaICkyULpjK1o=":{"valueMac":{"type":"Buffer","data":"C3MMVBejopm5OW+sArLUkcK93P4SLWUT2BACWHRsUHQ="}},"24EmQHM13PM/1qf4XAqplMmchsPqb37hBU1hPOupat0=":{"valueMac":{"type":"Buffer","data":"7ZR+BZ2ZDHYnoSaZQnOBwIfNumIChPLj/hWus2nOTzw="}},"3Z10ZHsUvieD0B7z2H2GbBYMGtT5YdHlIvtvmc9OuzQ=":{"valueMac":{"type":"Buffer","data":"+BOvnVpKr5YIpHTjJC9rYHZ8G3PtQioAO2IudlO4hbE="}},"3ktZjX2nuILsDefbgXQyM4qaKrTox/AvvaKtd0brpXE=":{"valueMac":{"type":"Buffer","data":"pqaNkPHwuXBZYT81tFxggJAv9nJQW73fqBjcpUd3ALU="}},"3vVj9fGCiDy9mFrABibmE066W8zCwgzOphLQmrdMVig=":{"valueMac":{"type":"Buffer","data":"r2q9+ZjVu5v/rHl3wg21aZAXX1/+VzJTnD6mOwEcPbw="}},"34Gl0rAuJuL81J1DjlbGUkgDLlXuHpuayX0WYz4Ag1A=":{"valueMac":{"type":"Buffer","data":"4m5nsjIJ2xRcwyvwQ7m12+knbHeBHhGGZLKmqD/DmMQ="}},"47C6eV3eDEzdmEB2f/VF3nFNKstA8WN4tO51sX9ePAM=":{"valueMac":{"type":"Buffer","data":"z2fCAVOISxUF1x5LWZhtij+HtxKd5R0J11mSjXV9kJA="}},"5AHySp0NdEXwuZSP/X8mBdSB6OnHF9CmMhVoFaHtjkI=":{"valueMac":{"type":"Buffer","data":"PENUbZsGiuEZbp8SAt8LcRJD6Mx6WARwqw/yoVw6Ihg="}},"5CPfW8hzkX2R3z3NNU9ugAGaZ92/9IvuRAiA2IXMD94=":{"valueMac":{"type":"Buffer","data":"T0u+eeWseC76Tjl4GF6jyXUZtkdzf3BCwO14iE3zVAM="}},"5SpT9rXX3evmBPu4h3SJYNy6DON236YOawTriT9qRPI=":{"valueMac":{"type":"Buffer","data":"DsJtcyzzEXMUSHzksWPRG96+h/kC8FZ8Hm8bK9GZEFg="}},"5ci1qwqV/oH43XVC59EwzN3NBsAHS+azWYxFGli4Mms=":{"valueMac":{"type":"Buffer","data":"k3tw7bFVJ3KKEZN0BpJKKOwyZ+Vx1iIzm3sOCI7vlvo="}},"5m8n6JfrwkxKN0djBFc1m4V1hLP+4Nq6/Bqw6M8oLcw=":{"valueMac":{"type":"Buffer","data":"uraXPMxeDwbEZELe5eognMup211DPWWBz2bo6IAmaH8="}},"5tasqG9fEzJkRoSJg1Kf3r1uQ4q2LQ1fSomXdneEIMw=":{"valueMac":{"type":"Buffer","data":"ZNOGRton5MfCcv4D42ofDjWzNicb1Ple/mEifR/5xrA="}},"5zD4YW91vKZY+beYYW0J4fwctDKhhgmltMnbZFO1S0s=":{"valueMac":{"type":"Buffer","data":"55dXh3Ui0+UaIz4qTD8McekL3GiOXWcKu1RoJor22jg="}},"530/lLQlMRNAuuGhwh2rleiM5XGRs0Hw66RnEhGeUf0=":{"valueMac":{"type":"Buffer","data":"Mx4V1B+r9044PNMMyfNlmi1k/JYUWpLKh9C9wjT6UuI="}},"6kS/Hx/agEhcnjf0maissTe4KAe/RaxAWnsYe5AphAU=":{"valueMac":{"type":"Buffer","data":"QRqdIy7I/AQxv1ngroiqgwObyQg2YY+09I7Oj+oMD04="}},"6ujJjZ7CvXvCAT+WYmpYG39m87M46g+aT+9UIpYVIg8=":{"valueMac":{"type":"Buffer","data":"ctgusobDRjcizPF0V4rgXVwp9Xg7Gutv46Nfj1yEA+8="}},"6w+zbEWNPuH7BPqdPH0JzL+cLCD/HotbmyI6JHPPLKo=":{"valueMac":{"type":"Buffer","data":"vqULrOQ57sKdtb0bL4aaZ+tEQ0SO8I3akDX3pBv0fzY="}},"60d8vVIv6Gat5m6Qawwr3ZUmIlXraOvizongUACbAAI=":{"valueMac":{"type":"Buffer","data":"8HdECBZ/pVd6+0XD/fv6FaHFqqOhZ4aV2tEhx9HLgJk="}},"66rLEuQLA0I4xHZOcvYbNnGaKzQhuQdisPtVgA70QB8=":{"valueMac":{"type":"Buffer","data":"sJUcFxW5edFHsf6dMSq/HHlZsOdUxHpgRyPWqlxEmjc="}},"7QEe/nGt761dDTkK1cLWVXqZuzKK8zfjJCI07GxkWbE=":{"valueMac":{"type":"Buffer","data":"BZ/SURyMIUnNXTP1zuvI3cKjqvQznHCa7xotho8L8Xg="}},"7VTpQLs7RGDWz060dgcKM5OhhWnrUHlkFnledpMGOQE=":{"valueMac":{"type":"Buffer","data":"M5Qt1XRgapMm3fay4s0xHRDxuap2rxFU4pPs9zS3FkM="}},"7gS1e+JAmr6PzlQRB+YzlqJP6UEtU3L3oY10g9ydcsk=":{"valueMac":{"type":"Buffer","data":"+G4mFCzEZ2LZ3E93bMxuTkJamYcjkfr2EyH8x/Lz+v0="}},"7zPgUl9TF1omwLDAQZ/3Db8slupZr2A3OeoBAPOllr4=":{"valueMac":{"type":"Buffer","data":"XkgAa0a6Z+7kLAXqzzay+86DKQmQzJr94N9gCzzMQ8k="}},"75CCbNESHvAQfXVAVLmeb7aXw2A424Yyh6/DODzOFSc=":{"valueMac":{"type":"Buffer","data":"Ls3yU89Ds2RQ3Hz7Y+eK3dOTv3gMvqXzn1bXh/fm6pg="}},"8canjGUBwJ978DAl3qpylYYpltII1jhhwAm6N5qesiA=":{"valueMac":{"type":"Buffer","data":"0H91add31TDTN9egS/WoZsmWr8NGoO6KZjMF7zyFiC8="}},"8i4KDzMpz3r9q5NDobJUdAAzdPRn4Gi3NXCfdZsQtec=":{"valueMac":{"type":"Buffer","data":"EqB8vIyjxtloUXby3uYv/epB3cdDlh4u+EPTcSNu1PA="}},"8mEXVymxl/jXZhWjvDQe3VuqY6F+cPpgorjQYPDjeSc=":{"valueMac":{"type":"Buffer","data":"X6Urr1fbPQ7VX0MhHZqgBkINlDkIzBHtERzr8ddaIwo="}},"8uBrJH/kw/T7kXmay8UVFxJm6M8toDRCDqtm02FTW3w=":{"valueMac":{"type":"Buffer","data":"Of4GDRow0HPohLjUDVf4M/gQI9TFBiRLWMzO+Iw4P4c="}},"9RotYRoPzB4QuxnQo152KTrYfjFDhl7mNp2925fvbvc=":{"valueMac":{"type":"Buffer","data":"TjG50K2fceTp2XY6CwjjetpyEka5OOmaXYJCTTUfngU="}},"9UaHQMBmUaT9F1gxnTtEL281J/RnMg/0UEsUks6N7j4=":{"valueMac":{"type":"Buffer","data":"ALbWqqAYzXpGAIBYInCqRfWSxiHPPsg/1J7sqjys7OM="}},"9nFAl+5viomPqAyd9aJx4XZpvhDjV0jBzPAxKGvcqV8=":{"valueMac":{"type":"Buffer","data":"tEKZk0ZDc//x6TzG0xbfqRMZnnCzYj405cDx/3KSs0A="}},"9vCaZu+OrPECK2vHLAoYMd5ANv11IhOvL8vbSnHSdqg=":{"valueMac":{"type":"Buffer","data":"unw631LGuTBoHqNoMkWGCHj0yD2/moOIv/PC+1qArBI="}},"91V1KSP3NHlcbE8VRQItUWCehjGA4KWQSBL4qmxe8W4=":{"valueMac":{"type":"Buffer","data":"g4k/DrSwZlTUuhLsToZ2DoNuL0COYUo5vRaeQItY7kk="}},"+CACQOJcP99KC26U/qLAEJA2H5cUVvIFqODPP5I8U5k=":{"valueMac":{"type":"Buffer","data":"fMAMEmDxKzUZQqxnr3MbkbzF3eCe1J2WpHHq35M8o1k="}},"+Il9ugAY1udO+XVbDU7z7r0HnVQC2MZ3P3+bdbUR7tA=":{"valueMac":{"type":"Buffer","data":"zeRUkQd55u0XZ3C1TxG3Pt8dppkA39tjThyNfEPiqi8="}},"+Lw+b9KZHqVrIXwqvs273/C+UCSvWk26AZyVr+QgJ2E=":{"valueMac":{"type":"Buffer","data":"WYvhyyWri+yGawPJpYwvvZvKQfgorErJl40EcmHDn0c="}},"+TVRG1ugO3m6+IFgWt5jkuhLQoNAq22kuihOQfUqtPw=":{"valueMac":{"type":"Buffer","data":"zC4JdBBO+dwzF7OMuvLUbe/oN4qq4IBwFhuP7ruRZpk="}},"+nRT9CypsHk/pTU3OXPSBd78WwZ+mHjNnGRg+0YuoOk=":{"valueMac":{"type":"Buffer","data":"EdzryEeWOeQRwKYlp3WEbU28dfUywZoTMa8gxMQ6Kzc="}},"+pPgRFyfqjWx9bDSs+TZq9V0oYDxuFiNAPsdOhKCnXs=":{"valueMac":{"type":"Buffer","data":"oiJfOEZCBQtNvD/64eQbxsfwnBkQX0qs++1uMcaZkKc="}},"+3fNqKu9Tg6Ke5jV1w6KWak0sIjey3Oy2jlUUgFiHY4=":{"valueMac":{"type":"Buffer","data":"XcipQee1N41mtUd5oYc4u9uIQGOfo9hoB/TbPE7m7WU="}},"/QuoDKKlOZw00KYGfk8Puo2k37Ii0UDPWQHg9gQODl4=":{"valueMac":{"type":"Buffer","data":"80e3DmVtrYt/H5BR1KmXDjR897gKQEoLhx3V9dqbrVk="}},"/ZB9Ebo9t0kvUxbsGCDT70Xz0czaFHMdFV+XdppuWw0=":{"valueMac":{"type":"Buffer","data":"p8jrDmg+p0BnpjIEPuYpLUoPSBbicPffpXn1SPBdjAY="}},"/e2fGUKbSfvPlPv6ZXZbxzgtv6g7cXY4EytsTp/ppKs=":{"valueMac":{"type":"Buffer","data":"HRvIa/mg5VbjInlwPks0q71MSWJfKvHj9RRjIDWLaMw="}},"/lVWvyQTt3KBPwu0wbYt+TiYrQIN8XJYjd3gRj/ZN6o=":{"valueMac":{"type":"Buffer","data":"sj7sN0h4BlUGd7TTItBLOVsZ7UDZpoquZ/a1irvWZ7Q="}},"/moJEEG4o0lUtgNBkG+6T/3M3Ria7eUilm+i6OB52yw=":{"valueMac":{"type":"Buffer","data":"GSF9u4dKgwqB9jx2DmrvumZFXYDiFJECCqbMmju9X+U="}},"PO3HIQFCPnc5plaH21w/MHoMJsvBtZk6Vvmtf5iKFlg=":{"valueMac":{"type":"Buffer","data":"wipPkuslvaNEthV8xcn9/850smoN6V9cN+4+1tz0yhM="}},"3DbbPLm133YqCGUsaRDN/FrECHBc5o5BRNT/LcuSNXQ=":{"valueMac":{"type":"Buffer","data":"7FX/zJ1A5PmzKaaMDaXrusjBn0SjWVYhhHTIQb9cK0Y="}},"SApwuMEI7YKuDQRy5n0fRwNiXBBRJ8ehGAqYLsANh+A=":{"valueMac":{"type":"Buffer","data":"wvNq3U/33YeOkNkSFWeq/Y3/MBNGcS8XvF1Qdn+O2zI="}},"ZLWDauioVRyz6VPrw7TylZL7KwZpiTZ3lj4ADKYnh60=":{"valueMac":{"type":"Buffer","data":"Fhf/el0pfybYN9HNG5L2HttzUv09DmxU7lALxF9oWR0="}},"pXksM6qOVUSL6eBX2lcSWE9HKZu0ANGJPbqgU2+0vag=":{"valueMac":{"type":"Buffer","data":"X7H3IoTMsaq1WVejX+ZukUFLIwSxk9CILvyE5sgLTR0="}},"ZwJXh+HfoQepWTFH2zFAPL+gkxjDR/3PBUlptfxH138=":{"valueMac":{"type":"Buffer","data":"Qfp2iqkNtPu08PKu3eXAiVe6N06zy+g+JC6Cer7qlI8="}},"I+h2GPjIcYN42kWjllvWVvUVXK07tefnxlOHhZuYNho=":{"valueMac":{"type":"Buffer","data":"nu9y6xEPEVGuAbXLUUVo81J9pOK0DpSBCNkXDC4nDh8="}},"10hmjQym7mCjebRfNhPNeFsQzOLtAvDl64ZKx2/QvCc=":{"valueMac":{"type":"Buffer","data":"yZF6vHmoW82QsICvTv25xNcjAE+WLv2ACPouew2Sy4k="}},"7ZwEgJNP3te382P0QTKKzgYOJEOSZ5MIWcAqKmkoh/M=":{"valueMac":{"type":"Buffer","data":"q4ub48DkrHSkcs/owi10aMZRyhCrOmG/ck/JerN4q9I="}},"Ws/yxYSyUpWcTl2guQuf2DQcK3xYJZZ4l22pAzb6890=":{"valueMac":{"type":"Buffer","data":"gA2WbdjR6a9+BGhz01GtbnK/TWKcFD7F3tNfONYG6kQ="}},"YEFh/UO54yWLETTNKXcZMIpbojTwjoJmgMHX8P7lWfQ=":{"valueMac":{"type":"Buffer","data":"/Ti7hQsQId5v81USnGXR75pSMO3MJ3QUWV0VUxjtHd4="}},"jjYOmbtSqFp/G4WyVYtqmYOqWlqBL1PzW//w4iw545Y=":{"valueMac":{"type":"Buffer","data":"n06lH/0uufAKJar/qM7AXHth/pxsFKociEqwR1h7I1U="}},"ARj2YYuvLt8Q/4Y92oIgsMHXkwXXfGea2Fj6j0gCVnw=":{"valueMac":{"type":"Buffer","data":"JcR2RJpdH7HBeXnWH6B00X2nkBsxIFsfPK9K7Jgw4kE="}},"VZKTMF1a2nnqVi8YlAbwhxIQlsfBcT9MpYIiGpZCYPk=":{"valueMac":{"type":"Buffer","data":"LxnjT5MNxYkLYUfek22kBw4npIA7PNU4wQk33sJxoNo="}},"84iQh97n5j6ijOYNwEuNqGcaahj+LsNDvjffa7do10I=":{"valueMac":{"type":"Buffer","data":"rfCZt27qFsWGmg29+ds7fUrQEkshKyZvfbswRAB3d8Y="}},"fG7oAlT9Xo1c8DVjvloF1yRqDIsYNmMLaIthfSejg1M=":{"valueMac":{"type":"Buffer","data":"RCgXk/cr2kaJ3PUPsMw6tOirLLMFU/dUO7hNxcrMMzw="}},"A86to1xwVVqf26tD5DGia9pPilWgzvkZpq2vqK/Vj+0=":{"valueMac":{"type":"Buffer","data":"gWJEpIaWtizNPmfqxnJT3QocVB4j0hr+Y/LvbZtF1bs="}},"cs8fy7yGfGVo1rIXLHiaT1W719NJadBmk/z98IM4/cY=":{"valueMac":{"type":"Buffer","data":"Nfn0hWRVym/I4ioWE3g+Fy39GZPG5MhCiSJ+cFj8wWA="}},"NDV7bSUjwV0CsDjc6kTlqvDN2Pd1s1ZkldoN+NIgs/8=":{"valueMac":{"type":"Buffer","data":"bDlgCQo3xgJcjraEfUluLPep+iNwJnijy2TjiE85gqc="}},"YKzquxpW+IzJTsMyHy5pFGVM6N0U8TJ54g9H9I6+xa4=":{"valueMac":{"type":"Buffer","data":"IJ7z7zj/b+9XSoESZKpi0WEchHn2YkTIulnhmgEO/zw="}},"hhSfBe5qO2elHIOs+pap+wW71TsVYxQ1fgjOuK5eBpQ=":{"valueMac":{"type":"Buffer","data":"f1CtiBQQ62yGnH5kNDZgR719sjoAVZbY4XAGPvA93kg="}},"z/GGl96X3MuoKamZfRx/sjMsPtrV2wb2duOGopIXCkk=":{"valueMac":{"type":"Buffer","data":"sQVn7ErZhsR6uxo5XCvmWHRpi5UaFBh4o+Kjr0ZB96o="}},"mGJCOWiD5kiEq9zl2RJX2zAU52xK4ypEaF1A5+BGbzc=":{"valueMac":{"type":"Buffer","data":"fmD6jS5p/stxePi5T6UixMzAM/kCg4DJZVKt1+MdF6g="}},"XNLDF8JTmUho9jO9obVUo/TVoFyilAcgCXwlz+Kz+TE=":{"valueMac":{"type":"Buffer","data":"cpan1Dg9TY+GrF0hWB/9ynQ57/w+YlZZqTSpSkrYBpE="}},"KpydDNKpJ8xyAP1fNMkDkCa7ub5pk6KsnjBhBkLakEE=":{"valueMac":{"type":"Buffer","data":"04GCJHq8PUvizdMO/ODCeyJZPtF8qMFf5ZMNO82dubI="}},"th0sQg3rSZH8+YSoLznUMlRw4uguPyhF7WErq0RPzLg=":{"valueMac":{"type":"Buffer","data":"WmHia3X6r1SXkHULe9aWKJNEgEGoTeEM1Acdd+tdWYQ="}},"AdgBipBW7epqyt1c+zreRMNc1s+10k8cda1dPYq3f+0=":{"valueMac":{"type":"Buffer","data":"42kZxfn1HP8xfQzqc9X/mqgno0wbMdkTXHyNxVMU93s="}},"qr3/OkWRu2j9p+m8p6rP+M0EWOGkdj5Rja+uG9s8ulI=":{"valueMac":{"type":"Buffer","data":"kPDokz6XPu3zWUCTK+/x8fGvOxZXXOL7CfSKWXDyE3I="}},"+1pruv96cIvipPnfzxTnVnzvOUdZ3Bs1EvYi+eg6aZI=":{"valueMac":{"type":"Buffer","data":"tvegYHPjwLRcojmvIyfcKGiw58FtAWD9DZ8NPa0Fsa4="}},"w7sblRZF8hsc1GoB/g1Aon/dPbh7jcYdlzOxEk5OzTE=":{"valueMac":{"type":"Buffer","data":"kCpbR31SXPnVG3Vp389A8Fvm8ckXK61kIu1EhOPg3l0="}},"k1y12FuttO45M7rWIqZTWYBUTz6UlKjdcE4ykwKcTzE=":{"valueMac":{"type":"Buffer","data":"mfHxg1W3Daru4JQKZCNRVK+0Z263fiZgiQ13s+q2pGY="}},"XeFenMjXMfVN1Y7YccvY153hHBV9W04RQRcAfKz0NGg=":{"valueMac":{"type":"Buffer","data":"ikMbH5Bc/yOLUwNyw9jfYfQfmjCdqggKukApQ+gevvg="}},"NiFmtzWeskOyqbGV6wUgjYNm8emJH25Sl5ECEwYVjKI=":{"valueMac":{"type":"Buffer","data":"abhC6Ej+OwjVOxllw5Tu913C4SWrPo6vwbQJobL+OTQ="}},"4EgD+noOn4okP3nFZb1rwXcIph2c7IFcaEOlVIFsBts=":{"valueMac":{"type":"Buffer","data":"vyJCgZFEEb28fxxe/8DyWgV2j1wN8a6THEj5byOWfVA="}},"3fhKCblkJbdW9oxJkTTLajSErTR2EUKBKO4DPffFQYY=":{"valueMac":{"type":"Buffer","data":"gyLR5W1QhLHWeiESWGcJJzGf1jIGBGIoGq6zajLog10="}},"iQB1Yo3uNMu/+rBhDbL/Fo1ncJeqgD8VMOluqNZvHZw=":{"valueMac":{"type":"Buffer","data":"3GsQq8Rmwo7iaE94u4zeY0to8gf+K7eLZlt3ET9uzeo="}},"Jp+3KvhXkDSFO9mrx9IxlOrBEZOGzK6gXbDQgrwz7mw=":{"valueMac":{"type":"Buffer","data":"uEN+SVGoYoPRjhR25mpMhi5XF+WVx5FfPKo2Szp55mE="}},"7NPrN7woXEExCWhhSFPhf0PaG1FqOnc7UdDPnFNpHQc=":{"valueMac":{"type":"Buffer","data":"6lx0DsolkNORs502mIueIoUZv/MZ5vVNdRckJrjfvus="}},"NTvqRIQAxJPxVrp3UDiRcT79nVIV+Jl1MOz1uCW9dh0=":{"valueMac":{"type":"Buffer","data":"iZ98vGcj27c8xeEmtayDuGRaNNWd+XTZ4u7m2+Dvj/w="}},"+hkz+onZFbf61LJ/V+Etu2NL76JSlvUlCaTXWhN5xx4=":{"valueMac":{"type":"Buffer","data":"QJGhLIQNzkyIwSgjcssIyjMnB8VT4fTJN4PPwGr3MjU="}},"7Nzmlets4k16uhfaEApuxcnTzHYzVIrMInccTkr+xWM=":{"valueMac":{"type":"Buffer","data":"pOzPbuuG7q6bkPAOIS4+EtL6Wx7JfKoe2rE9xtjxiYY="}},"Vwk+lpSjpzgpYacD7wltaVshb5UxLyq9/yN2FE0jQV4=":{"valueMac":{"type":"Buffer","data":"Cc+klEM6LBFOvcQfrekAr19WLQVdOFc9Jz5BSoYOIXM="}},"H1mwRH+zaU207Qo/clJsbdV3raY2VkTl8lQ2XLM2MuU=":{"valueMac":{"type":"Buffer","data":"Oec+PCs6nITatI2TP9T6z5IW5COSTub8REO0JbWnvWU="}},"CDBWzaZYgYDo6OuFRODv0/Dt6rKeJyc3iOWQyxslmVk=":{"valueMac":{"type":"Buffer","data":"PVfDr2+fDaxiveYmD4aHSkDt8ppVC6NVXldt6S9muK4="}},"xYlkNOlkfCVFHyOs8wqhUYkTOlc/MReYvhuc41F/ZyI=":{"valueMac":{"type":"Buffer","data":"OeebXFpFQHOHJZ9UcKBdvsG859ccIMUx2eoqNVlYsvA="}},"idf0HCnBFKfs2HTiEtmoJUoLeIaTPF9nTD5qb8etyU0=":{"valueMac":{"type":"Buffer","data":"Po4Zi98zIhItkP2RsuNPAK7PVd4zQ/rNzzqNKMTYns4="}},"PIp/J/uYtqqvS+7vbCAbOoCgjCqvGBOiv2M2Ca5+Wu4=":{"valueMac":{"type":"Buffer","data":"vAedF69HBrtbJDKK9+zcHMJ5FmiyMbPb/jXNbEu2ZgU="}},"auEGUtr/OGgescFbnTemwmrvrODoviqzuF9y9IOr/bA=":{"valueMac":{"type":"Buffer","data":"mjUxHwDS+7/FPGAFKWa107d/OdDAA3cnWmUvP/DLg4M="}},"VNS5PtPPCd3AJfROG+4XDcZXGLqZC8T/aaYJy+Yp+As=":{"valueMac":{"type":"Buffer","data":"QJf+eAml/N8lBBKsomqFJ8iVZ+xQ/eu42hEjeebxVVU="}},"gBlCjKxRD/8ZZkcl21bVUWYGPBqwZMNhjIIBSopxO6Q=":{"valueMac":{"type":"Buffer","data":"aUpZCXAAPflqzHAXQrqqwqCSh2xSihYFO/VwZXT6Fmo="}},"6Prg5dgtEVCe4iUNHChTMjvK2oZT1RWtVVzij5GKz3g=":{"valueMac":{"type":"Buffer","data":"nAy5EFqSbeEg+58XKLZfAm4RiCwPPk33FNyz1/ybPto="}},"FXv6p1I4okmRMLHzl5D8dsZJBkjBEln0cJMlBOqyQSs=":{"valueMac":{"type":"Buffer","data":"J8h7QEMo/J/CDrxHOq4tFJYGR8iKqeI9fGNE6SkYuho="}},"vPlgwnEPQ6Hg2VYoTuyQeNkAFmbhT0oTGMTd8xlBhww=":{"valueMac":{"type":"Buffer","data":"ABA/OrgxtQlbT6kLdAf6/dKeztsF1BDsMehODTZ4Dk0="}},"1QnBD+VR8JikhZHQxTgT/xbhogrQWA+fMv/ZCVDjhQs=":{"valueMac":{"type":"Buffer","data":"1aW2NfUi2gpMKLWuSCpVvnWLAI9Lw2QS8MMIgojFbUY="}},"FBePKx+PgmKPDkhlGIYZdnxcBXMOcixbujgMwGfvRjA=":{"valueMac":{"type":"Buffer","data":"zgZQueY9XtWLK8ldwzHaHOJOf/RMJWzv/EEKLGH+5u4="}},"ThcBBp3oMF0xMBmbPQvbQi4bI/n3rJr9/IwAVj3At20=":{"valueMac":{"type":"Buffer","data":"6KJJ9AndLmW3EnB7g4J6REAZmvNgIEdopk4ARAywXnQ="}},"YTzgQIZMjxthfogSw43qAleCzXygpMxjzgTBjxfZMOQ=":{"valueMac":{"type":"Buffer","data":"p10meqAzX+hR6I+t9fjlnOkxljJHFp/SiMHWxmvmEJs="}},"zZht6iN3adiDQr8mOBjuoKzDseeFPyLtU4LWUcRcz/Q=":{"valueMac":{"type":"Buffer","data":"OhZWXGmCBSUeVjh5ccMeBHNx1ElN/tqdBYkFyooEF88="}},"rFm2fKBBQu13baCYtsVk36rvKQTf8zwyY23UuDNlqOA=":{"valueMac":{"type":"Buffer","data":"FvzwcfGHi+Y5gMKlVdOc28M0Fdjwg4VZ2aYlcoCd/Bs="}},"2FiWLGZoB/tOfjyX4SZeJ+GBPY2weJ01JmZDsMiv354=":{"valueMac":{"type":"Buffer","data":"jhnD/wbye/K1cxfdt1zHCf34uDb2bE+XDhstqJ5jwY8="}},"FyCn3/4ZDRdA39Pt6KFp2WS0RT5/nkRBUeF0WIqSUYI=":{"valueMac":{"type":"Buffer","data":"5xbP/ZItcRVD+w9mm/oMZ4MBynrZ+UhL0FcGJxKMPI4="}},"0PphLlcmrhx9JJXeehauX10BfnDMMCFi3p/bVoqMvvA=":{"valueMac":{"type":"Buffer","data":"Bt6BvXLX8Xh9//Sn9oHnT/Zm0PhbDtYMkVpwArPzaYo="}},"6j0rgqaInecdcQS78DIGIoiE/LH5CBnXZq9G7hsN/a4=":{"valueMac":{"type":"Buffer","data":"QzEIgWFCbvwqQ+6XaAQzdZvBAXSNRqHo8Bw9jr+q1FA="}},"rNl2Ph/qCP/66sUqJx9F7Y6F9lOFZYMAnFEjZokH1Ag=":{"valueMac":{"type":"Buffer","data":"PEQFAoFKUiXauBTc867U+4VYkyNtlIKpmZKlKotwAnE="}},"mZdQxZnz4lBnRUt7pEfSGMkVpKVk6PAGFRUYjZF35Og=":{"valueMac":{"type":"Buffer","data":"JM1+k9vOiNRDeOLMAaUTeKa5ljYq7kjlXsyB2JjMiVk="}},"TmVghlv4oNikHpqOmI0d1v7RmI3cSeMCwNQ80a9qBxo=":{"valueMac":{"type":"Buffer","data":"b9LUmCvtvV7FKpJ1D47Ffo/7k3YZY+6eA1dz7fcJy5c="}},"BFPmEOZ2idvfH8XWsYXd2E8qYFzNGc+5tlT1uvpZ9IM=":{"valueMac":{"type":"Buffer","data":"xhkd/pU574Nm2/aipYLlWVp6U+DcqV5morhTXYRAMa8="}},"utNOdt6iNCV+iW1D0xLBGWLVYM+xEreP5k07SeK6gQQ=":{"valueMac":{"type":"Buffer","data":"sVA8YgAAGgeTVzrpGE4rmH2I1jBkBc6EWZa+CXNR4i4="}},"eCkMNPGz3Vyf0K9bT3xgGcTuzuVHC6Kd4tZ/OeNVstA=":{"valueMac":{"type":"Buffer","data":"e8P/GySl46krohckRp4A9ovxDDox09ZlEOfKsxLMB8w="}},"5SAPhSVw/ng2o5AXr/kX5JADIgcL7GJJNMzYZmRMSA0=":{"valueMac":{"type":"Buffer","data":"GZS476z1QrPKYuI+1yn+kvkhcjCO2xCicW/VqgjSur4="}},"Yviyadlio5rqPGM6c8+bwlgX133k4CimR+TCp7OPNgw=":{"valueMac":{"type":"Buffer","data":"5SiJu6d9w1b9pwMQPEkugKHq0KhoiUi1RZtzx93m6O8="}},"35bYnMg+MUW05/mLnSngh5I5vX3G73ELSaWJ4M7njOc=":{"valueMac":{"type":"Buffer","data":"ogcO49aRUutdkgOxTdjs9D/r8df09Imq9LrmnpsK+bo="}},"1JH9hQbHnsdpq3yWEAtSYRRqd+K7eUIHSFTc97f3lbE=":{"valueMac":{"type":"Buffer","data":"Vi8BJ/aku6ccsXyUYyVCBoKND3GmqPexLQI2NayjJAY="}},"vXXkV7GD3qb2wlgigC7il9R4xAXqoV+DrB3Od5MYd5M=":{"valueMac":{"type":"Buffer","data":"jT333+gUwAmkQ9sDr/VGAQPi8mvV7FUoNRY/ZNJWTuc="}}}}