{"version":15,"hash":{"type":"Buffer","data":"Y0PxasHRnVlTmU3gjK3KuS38B46C9in06svcL8bwCC/YUiudcW8s0x3NgTfApJtvdcFRmHQHn8mdJLZsv+QVZbbvW+7bRhInmqsLXsCb2ZDlra4vSynT2WBvfWl0U/yZywz5fMHRErsehlMwIHZBI1z7griLf3mOH77JncuxiOk="},"indexValueMap":{"AwsEr6myXxCCOh7XEkKv4vGbelz2ZP8bqd4hsIp4hc8=":{"valueMac":{"type":"Buffer","data":"FSB4qp9xCMledZLw2y2bW7gKLs7KwGa6WiuF/3Fssrk="}},"Dme+tgCTxU5mmOGt+DFkUH1VtXhH/94/9hW60pJyeEY=":{"valueMac":{"type":"Buffer","data":"502I6BKRMCBz69sjm+nYC+uo/wSaQL+XTzURc7LfrR0="}},"D9ZrIpSFr5lht3XN6EnBMNLyBJRxNVbQ6mtY3HYNeyk=":{"valueMac":{"type":"Buffer","data":"qr3hPxVvWnWkR8ZkyTHEgkqMccA9NB38o5Pnl+cH0bU="}},"ELFvhDrcZaoyjIE7336gRRdf2Ob6jXzIwdhgkZ/n4xA=":{"valueMac":{"type":"Buffer","data":"tyCbBPSqWhpQjuma97KaR08nZmrPX5xTNt/pgx3pCr0="}},"E6M4c1svipxVD6QZYrAHCNLQyEvhUc1HDmnAixTyHMw=":{"valueMac":{"type":"Buffer","data":"2vy3fgVWTYg2SA3L6uFGt2Cg3+lFY8zDIJJMIM+Ofn8="}},"Fc7qZ5SnGKNT7pFjmtG+D4E1IoeoNlXYV8PPMgGT7AE=":{"valueMac":{"type":"Buffer","data":"ZyOYgFkzwRStLAWqJBIK/fdW7H3+Ihe0skEfsndvMxU="}},"F2VpDvyVqybvpWMG0nxEMTFbLaao5LtbBFmPOE4USfU=":{"valueMac":{"type":"Buffer","data":"rn23pr5w4wNirYsKbojMokMU5HI6jsZnvh49lRsTjPg="}},"GlbA0n9m2M0uFoT68YfCKmsJFkoTtTMGPe0TEP5nWHU=":{"valueMac":{"type":"Buffer","data":"oYHOQrAsAaltGxa+AAPXMlOf1oGaURKG8YIpS7ANPzk="}},"JbgjhlocdGGNleuZwrxrDmsE3z9Ix0vYJzp4Go50whs=":{"valueMac":{"type":"Buffer","data":"eD4MByUtUcwDhIKy/rv/ouV5+gJ/Cd8ZK4T8iHdiUgM="}},"JsYHlB0V8Gd7VxmDrmE42BmQGBJJM9qBnNJTmB6W+78=":{"valueMac":{"type":"Buffer","data":"05IMiXFLhOQBkUoI1JKMFgUiVZD1kKn4rhAO7XhiGuU="}},"LKLyuol9Id6ZinbG4BYE+RMVzo6GTfIMj+IRPxqCtJQ=":{"valueMac":{"type":"Buffer","data":"bfwr4rcC/uamimlp0ZKmQ9wFvW0Y2hWnUvcBOgMtFFs="}},"M5toAuDvfE0HhKIQgSZRQYjbbEHQceEY14p5OJ18fEI=":{"valueMac":{"type":"Buffer","data":"z7DGEJJ3PQ6JJLp93tHwMDbIrGNDDcNq1aYWqJYNw9I="}},"OKR0XyYxVXVQOOxQpK5RISXvLVratncUWVkcpq5wfLo=":{"valueMac":{"type":"Buffer","data":"gIm4MWRDnix1ir/qpIMCjb/Idw3/UFnRzuYVp/N8Jpc="}},"OsSC0ymXkv+LgkpRLDibyQJ+wYNI4MPPDwdiNnH9rQU=":{"valueMac":{"type":"Buffer","data":"cbiiGfhLfY14DTz03HIdRym8yHdJypWme3Ga7pKUzuE="}},"O62QX6LWh8wfX/YXMjk+Me+0H3ZA6DRQ2isNk7uOCtw=":{"valueMac":{"type":"Buffer","data":"6zPdiFg+YUZ6dxW+G2ruR2Lps3+DLvlKv/apXBLVKKE="}},"Po3cZL/6vvlLpgIjqT+mqHnlGFk7/BNUTcCISHUTr/w=":{"valueMac":{"type":"Buffer","data":"U543wi2dxMQWfTcDwag2uTiGo9EbXrdXZUSVpH4nfyY="}},"RZSNrzGMXxyuVNsr1OenRk6R120E+E001J0UyLhl/oo=":{"valueMac":{"type":"Buffer","data":"4JVo0cJoswIsiLrXh1wqAF22f/FF9vNhhSIy5+IRjTA="}},"SVpyuHnf5IdeD15KBPkRgvAR/TV6Cq+rSDFPsCvVaRc=":{"valueMac":{"type":"Buffer","data":"mguNDWMXDbqW9DRba5tn21NC5LQ4uldlDv+CP9FP5xY="}},"TTXi+P1tvCTZVZ3stMMPPGLpdjNLKAe/t7eaoTlyxew=":{"valueMac":{"type":"Buffer","data":"ljT4JSw+aZPkf51prpYgB9OdSFDXf6TzkQNnzHDatMc="}},"UKYU5qgMyckhpaW0umguvT13mds19hxZ1V4Nt50U0lo=":{"valueMac":{"type":"Buffer","data":"bQK0OclFKefdc7qQcDwQ3wlLNJiuqxCnIpoiLXVvoD4="}},"XVFVBhI/9uId9YjcjPdlDKcuKP24mZgmAlhVTuMPQ4o=":{"valueMac":{"type":"Buffer","data":"OY3a4q1m24DSkD8uPZxz4gWjk5WvkpV4lNDYYvmfFZA="}},"aDzcPse/uUP3MkqcXlfPWa5NPwVoqeUmKCAJmZMvpjo=":{"valueMac":{"type":"Buffer","data":"mM1TdE1dO58xDw0fUcaB/uvCBaXrRgDXoQyNX8iTzOY="}},"boLj+RnzHLnBXrS/GFp7kVRrbPMMfEI9mcFG9bhtjaY=":{"valueMac":{"type":"Buffer","data":"0onnOg7ftipy45M+T2SzmG86m7XaYf0iVvSo2Ro1yhc="}},"bojGxWBTxu4IEkj+ehppDXlg1opAdN7aRogdGJVhE98=":{"valueMac":{"type":"Buffer","data":"ujn9qSyFZe+BTz955TGo2il4UyFSNDYSxk9ecZLR6d0="}},"cFsI7/yzr6Bbe7ZDGD/gCaaDEQyEyHO4fyd0ocdrHtc=":{"valueMac":{"type":"Buffer","data":"kMHUYKR5/XOB7J9hPBVZxgc6owCTZemCD64Psw3W2+g="}},"cW9hX6UQsgIcVkdmQcXBK5+w02GnN3nfzxxtTY+kVSw=":{"valueMac":{"type":"Buffer","data":"P6RHzky+piQbxfhNtwb04eIWbKf1+qtlzSL1RIl9igY="}},"cwBufLN1IlBFFWaRxL9G0NJgWMnT1UfdwLU/owLD7Nw=":{"valueMac":{"type":"Buffer","data":"o7/TytHYVCjjVbjHk2rMpmb0+21PG7H11mlIjCFnjk0="}},"f6drTx+gcp4eoitzdOTw7lepakXHwGsVm7g+60PkxKo=":{"valueMac":{"type":"Buffer","data":"aggNhH6Y/7R0xPRI+5fGQFEiG+2YWY29i4AhtkhaibQ="}},"g+jjiPVa62CmtqmeHAetLXUNDFROqyKVYOPiIRPycvo=":{"valueMac":{"type":"Buffer","data":"/yncZUTq+IoH8VF3GE8rSTu+/z+M/npQ8SgQBEydfpY="}},"hINxpGZk/oieev8EJRym0au6DpkWFTboFENurMD4Uoo=":{"valueMac":{"type":"Buffer","data":"Bkwz3yheicrW2PJH8kUb/WwZzzvlDW0BqaLSUgEGXhQ="}},"juQbWBgEoGb7RV2Xv0ERx1WmbGTcB3icFsqSOXISd/E=":{"valueMac":{"type":"Buffer","data":"CqpXPPERjTdBLhdzCQjoa5uegC3lcBeU1wXzG904B7I="}},"kQQ8Tu2D+rP9G7p7garcyCgWz2ebPB4rIkxKtiExKLc=":{"valueMac":{"type":"Buffer","data":"3A8WNKoDdsPiVDDVhHmfRCdnix3XjK82PyrURJsLnHU="}},"k/D37uCor/7iAsb6sZebOBSL6+trliC/Tj8huRd8KNE=":{"valueMac":{"type":"Buffer","data":"tiQtYlgiYDKGEtCaloW335fZnNJ8guPStBSsaAv9IKI="}},"nUDO4ExwhgID3MOM+LDwb1toxxxPlW5A/FuyDi4vZs0=":{"valueMac":{"type":"Buffer","data":"o48edOVBrA0jw2kiwGhAxycGE/f8WsG1utWz6figEZk="}},"pXMg3V4othcdfOSLOd88T75otNDrGuY1A7xA5Xsh/Bg=":{"valueMac":{"type":"Buffer","data":"bJ+qn1ChJIkFnIcPagXLF7jbP3gWqIxVuVtIgQvnmVw="}},"r0/uHGsFGXhYOFWps04VkptVZybITJIlCU6nLkivR9U=":{"valueMac":{"type":"Buffer","data":"CrDqvxERFBg/kKG8Lw5s/L27n0N162O6vpFHpzRm0io="}},"u3jZLT7HTrkuyiiuosJed2sMDZcTPaPF1ls1ZZol62U=":{"valueMac":{"type":"Buffer","data":"CjOpHzhpMLp7EoBHSOx+iloITuIDvbHL8LHqSG4bSEE="}},"xG4BnDPd1kQRBBZ3PB+9E4f+t5vJWcv3CKr2XqkY6+I=":{"valueMac":{"type":"Buffer","data":"fj24we1ibc1eT1O1mkJnmWGUBq0oRvvqy/7ZTpI1HwE="}},"yRL+09LFx0tDcK9Yaca//D+oY6v8TCR/78BKYRO4YZo=":{"valueMac":{"type":"Buffer","data":"Y4nSa5novAgfjSgS8boS099TlNPqmro9MrHi5ku8fmQ="}},"zB/Yy8Cia8+UqLzkVWLJGKVEggvnOsmSnzWBrKbANYA=":{"valueMac":{"type":"Buffer","data":"ApsWDWEMyQgkXA+olruOjwV6mWWF2xNVSSL393foKJg="}},"2GRb96NIQqYQ7p8UQyVM+Iix70peC48/iGrTMz0krMY=":{"valueMac":{"type":"Buffer","data":"At0qOag7jH92HRf0o5EpWsZxocctSj6J0hkCBLYBHP0="}},"5unqXkekRmiSjGJ/bYgaG39+mAuM/pZeAC8H8+te42M=":{"valueMac":{"type":"Buffer","data":"ga6wVcdh0NnMaJjm/2R0vQqX4EGzDf1umq+EFGloAqE="}},"8RJB+cBTMTcRRArPEuu/xV0WUpakJcYck0HJnrno9Xk=":{"valueMac":{"type":"Buffer","data":"v2qu+c58ESIN2FelvGRhBzYKi0D2j7kaMy2vfuakbmU="}},"8rFB0JAWHPt3kyeT6C9U+/jhPB4/bXCadrEkrrCc/O0=":{"valueMac":{"type":"Buffer","data":"a+AhDZT67zlV6QFD7N0Fs60mOBYYV9GVc7SlSznSY5A="}},"+pJcE2YsikhRCBQ10MeqA5FX2G5SNDmn4fXu46TTI98=":{"valueMac":{"type":"Buffer","data":"Cqa706+ohDRi+puQiBEfx1ELFmP0AsLB2ESUJYsl1Is="}},"/xCyIof5nYFDLjlVE+jD3hW9q144/TAfWiB5ox00efQ=":{"valueMac":{"type":"Buffer","data":"Ej3xnFNLSlCEqGE6eziv/ttigf3PypjL81+uJCQuOKw="}}}}