{"version":6,"hash":{"type":"Buffer","data":"zJ+f8jhZb2mXj9ZgLZxz0RqYEZL3gL45i+VYNEGX/5QIkz+o55Ul0JhFM0pI3jcYKFFJ0gQ87x17Fb7/k7dD30GH0C4x3G0X2GD/+uBLpSuJOtKdaNtq6OlrNnka54tydYMYPdtv9wnslO1Mt/7u9YASBUDLX1eCBZgjIvUJGlg="},"indexValueMap":{"JSIFckj4bt10OxTWl7w6qiwsnYiQ+tv67WDIAhwQev0=":{"valueMac":{"type":"Buffer","data":"jEZqejOKWpAdIVXNNSxBu8hbb7w+UVVa654FiE790A0="}},"LYLD+YB0IefO/G1WzFUQzOnQ80IrdywpPe3DLgwrC7E=":{"valueMac":{"type":"Buffer","data":"96RyqKt7g43F2aZ5aholihZ+iEpwIuk/EZNthlCQoLI="}},"0zjgIoNuRBO+BWHajUWAK4BbKJqL3gpEfP63qxiqMxE=":{"valueMac":{"type":"Buffer","data":"zx9EghWHiHsHF6oSfYWNAzhHHOcv65ZkOXE4/q3Ud+I="}},"8Ivy1UV9HYq9CE99Mqzt+saqonpNN6YtJRG5Cy9ROSU=":{"valueMac":{"type":"Buffer","data":"LQu6+3bc7aVwbxNTPyZWZrtKzj3DPgFEm1b00EQ9niM="}}}}