{"noiseKey":{"private":{"type":"Buffer","data":"WBSqZYpj6JP6SV8ema4BQnb9207hzvPRWLayxidcq0Y="},"public":{"type":"Buffer","data":"v3qzrlB8um5Auv/qONLPvULrKSaItzUqpXc6iCpoxyY="}},"signedIdentityKey":{"private":{"type":"Buffer","data":"kMvRTSYoUO+4WJexqThGOMGuC5e2FdbfTUNoDa0VVXk="},"public":{"type":"Buffer","data":"5RT0EhagdObe+hvUbaT11WvtvaB9Yp1HKcxO8MBo3yU="}},"signedPreKey":{"keyPair":{"private":{"type":"Buffer","data":"QCxXkI7S/2voL4/l+bairNpYY8m7W+wpjVzHI2c1Amg="},"public":{"type":"Buffer","data":"dsX9u5kU+qX2yDMRloUO8dWym3w4pP2NeBeWCpK/8xo="}},"signature":{"type":"Buffer","data":"PHGGWnfTvN5i+jCqNFNe7T2LSy4nBcDcg5LIBPQK/lcZ6dk2Qp/eNfbpuq2VVR9iCf7HHiCQfofEmEjQwKwbBg=="},"keyId":1},"registrationId":130,"advSecretKey":"mbGfqVLR2ophnXA5k43R7ZDVSIKIJQvLo+e1Z4WXCIU=","processedHistoryMessages":[{"key":{"remoteJid":"94719276242@s.whatsapp.net","fromMe":true,"id":"79179982FB7C54D404DA48477EC8C116"},"messageTimestamp":1696041154},{"key":{"remoteJid":"94719276242@s.whatsapp.net","fromMe":true,"id":"D891167AA413223F4E0B036D21EF412E"},"messageTimestamp":1696041159}],"nextPreKeyId":31,"firstUnuploadedPreKeyId":31,"accountSyncCounter":1,"accountSettings":{"unarchiveChats":false},"deviceId":"ir53gv0QQGGvUrG9_3tT5w","phoneId":"a7b625e8-648d-4395-bea8-9861f0dee529","identityId":{"type":"Buffer","data":"GHg94RTxpvtXgvrb6tPiXRdImGU="},"registered":false,"backupToken":{"type":"Buffer","data":"5qUaidlLUfaGa+EIYNYh8xkaOYQ="},"registration":{},"account":{"details":"CPeey44FELeR3qgGGAU=","accountSignatureKey":"QWstjHFD3bUYX7Hk58psn6/JHCcpUiDm60Hi6rr28BQ=","accountSignature":"i+rR7ZDjve1JWZiBrGWWxDfPGIVgOTGw9219ScATTZOW2SPfJdv9mY3dP+FRHKLheqTjpMw+QOg1QzPoDntSBg==","deviceSignature":"nqpbr8J+ZZm5jqJz5LXNA1CCZ3d43UEcpW3qwSN0wxHJ6xJP/cDYuhsk8ZJljf4sXX2sUM/qgS4eAHs4yRAQCQ=="},"me":{"id":"94719276242:33@s.whatsapp.net","name":"⫷෴𝙱𝙻𝙰𝙲𝙺 𝙳𝙰𝙽𝙸𝚈𝙰𝙻 𝙱𝙾𝚈෴⫸"},"signalIdentities":[{"identifier":{"name":"94719276242:33@s.whatsapp.net","deviceId":0},"identifierKey":{"type":"Buffer","data":"BUFrLYxxQ921GF+x5OfKbJ+vyRwnKVIg5utB4uq69vAU"}}],"platform":"smba","lastAccountSyncTimestamp":1696041147,"myAppStateKeyId":"AAAAAIP2"}