{"_sessions":{"Be/76tTMeIF4R/rD12T5HEF+chCXzKX517NUHPFgr8Aq":{"registrationId":1989132311,"currentRatchet":{"ephemeralKeyPair":{"pubKey":"BSAeOf2hdWL29/tJ390CVrApeoHfvNvcaoX/9FxSQcI1","privKey":"YGyJJzfTlwyE7p7B0xpj21zmkRRxo1O75uqU0Vgv80g="},"lastRemoteEphemeralKey":"BcBIqV0xMfoL72JkZ3uX7NKWRwxiyaHL0uqIVzH9VzpA","previousCounter":0,"rootKey":"75CY+0KuU91SctY/uML76lCI3icWIyFi/o7AnZqYbMg="},"indexInfo":{"baseKey":"Be/76tTMeIF4R/rD12T5HEF+chCXzKX517NUHPFgr8Aq","baseKeyType":2,"closed":-1,"used":1696041149120,"created":1696041149120,"remoteIdentityKey":"BUFrLYxxQ921GF+x5OfKbJ+vyRwnKVIg5utB4uq69vAU"},"_chains":{"BcBIqV0xMfoL72JkZ3uX7NKWRwxiyaHL0uqIVzH9VzpA":{"chainKey":{"counter":6,"key":"cNKDdEbEuaZt0SUhBnlJocYWKD7WO9mj+5qPNmYUa7w="},"chainType":2,"messageKeys":{}},"BSAeOf2hdWL29/tJ390CVrApeoHfvNvcaoX/9FxSQcI1":{"chainKey":{"counter":3,"key":"TLUzx7G3dMuuaFf+xDspbmxubcL/XpBgqJmJSXck/uo="},"chainType":1,"messageKeys":{}}}}},"version":"v1"}