{"_sessions":{"Bf11IhFehnMbVf0pfI+E4+WmuzraZNQrFQMGx7O+BDUX":{"registrationId":10248,"currentRatchet":{"ephemeralKeyPair":{"pubKey":"BRhcE0PveONCxN3cNyNhg/QHTEwdPzMVIQwfTtky8cxb","privKey":"ODB+Um/0k17M0TRpPZUQe1aYISNHQ7QrRemj3qjE32w="},"lastRemoteEphemeralKey":"BfzzGfiksfXq/kXs5dWjG8So+btNP7mEqFP/4DuSlZg5","previousCounter":0,"rootKey":"3th0i1Rp6EE5S6PaMsO3pbbVkH3qgE4Bz0bnuMj5qlI="},"indexInfo":{"baseKey":"Bf11IhFehnMbVf0pfI+E4+WmuzraZNQrFQMGx7O+BDUX","baseKeyType":1,"closed":-1,"used":1696041160527,"created":1696041160527,"remoteIdentityKey":"BSGfeA77QpFFetxm29B8jzZeKQM6L6EsiJ2g3e6IJpgy"},"_chains":{"BRhcE0PveONCxN3cNyNhg/QHTEwdPzMVIQwfTtky8cxb":{"chainKey":{"counter":1,"key":"3dIuhiQ5KXD5oB1h+ZqbQiAVp2pWkRedTYbH0OKGFa4="},"chainType":1,"messageKeys":{}}},"pendingPreKey":{"signedKeyId":1,"baseKey":"Bf11IhFehnMbVf0pfI+E4+WmuzraZNQrFQMGx7O+BDUX","preKeyId":980}}},"version":"v1"}